                  epoch,        train/giou_loss,         train/cls_loss,          train/l1_loss,   metrics/precision(B),      metrics/recall(B),       metrics/mAP50(B),    metrics/mAP50-95(B),          val/giou_loss,           val/cls_loss,            val/l1_loss,                 lr/pg0,                 lr/pg1,                 lr/pg2
                      1,                 2.0182,                0.22945,                0.54122,                 0.6168,                0.02856,                0.01302,                0.00285,                 1.5362,                0.41496,                0.31164,                0.05964,               4.04e-05,               4.04e-05
                      2,                 1.7513,                0.35189,                0.40966,                0.39478,                0.09387,                0.05387,                0.01862,                 1.2799,                 0.5189,                0.22885,               0.019231,              8.085e-05,              8.085e-05
                      3,                 1.5776,                 0.4195,                0.34888,                0.21429,                0.12194,                0.10199,                0.04589,                 1.0744,                0.59954,                0.17019,                 0.0001,                 0.0001,                 0.0001
                      4,                 1.4277,                0.46778,                0.29929,                0.33261,                0.14544,                0.13443,                0.06568,                0.97712,                0.61072,                0.14644,                 0.0001,                 0.0001,                 0.0001
                      5,                  1.359,                0.47908,                 0.2748,                0.31108,                0.17498,                0.15987,                0.08342,                0.92139,                0.61234,                0.13346,                 0.0001,                 0.0001,                 0.0001
                      6,                 1.3117,                0.48871,                0.25973,                0.32074,                0.18603,                0.17527,                0.09158,                0.88438,                0.62164,                0.12601,                 0.0001,                 0.0001,                 0.0001
                      7,                 1.2704,                0.49357,                0.24829,                0.34466,                0.22134,                0.20991,                 0.1123,                0.85363,                0.60911,                0.12202,                 0.0001,                 0.0001,                 0.0001
                      8,                 1.2389,                0.49859,                0.23958,                0.33723,                 0.2409,                0.22523,                 0.1212,                0.81547,                 0.6158,                0.11021,                 0.0001,                 0.0001,                 0.0001
                      9,                 1.2225,                0.49772,                0.23129,                0.35799,                0.25167,                0.23792,                 0.1303,                0.80611,                0.61349,                0.10842,                 0.0001,                 0.0001,                 0.0001
                     10,                 1.1959,                0.50437,                0.22469,                0.36591,                0.26469,                0.25371,                 0.1416,                0.78642,                0.61568,                0.10375,                 0.0001,                 0.0001,                 0.0001
                     11,                 1.1945,                0.49955,                0.22417,                0.37977,                0.27785,                0.26496,                0.14946,                0.77219,                 0.6129,                0.10006,                 0.0001,                 0.0001,                 0.0001
                     12,                  1.172,                0.50273,                0.21694,                0.39261,                 0.2837,                0.26751,                0.15142,                0.76276,                0.61219,                0.09777,                 0.0001,                 0.0001,                 0.0001
                     13,                 1.1557,                0.50333,                0.21301,                0.40164,                0.29264,                0.28208,                0.15956,                0.75264,                0.61167,                0.09657,                 0.0001,                 0.0001,                 0.0001
                     14,                 1.1511,                0.50227,                0.21432,                0.42553,                0.30022,                0.29325,                0.16579,                0.73996,                0.61219,                0.09401,                 0.0001,                 0.0001,                 0.0001
                     15,                  1.121,                0.50723,                0.20164,                0.44066,                0.30856,                0.30315,                0.17313,                0.72758,                0.61308,                0.09197,                 0.0001,                 0.0001,                 0.0001
                     16,                 1.1221,                 0.5045,                0.20556,                0.44395,                0.30974,                 0.3069,                0.17704,                0.72615,                0.61102,                0.09153,                 0.0001,                 0.0001,                 0.0001
                     17,                 1.1176,                0.50414,                0.20479,                0.44481,                0.31532,                0.31383,                0.18093,                0.71725,                0.61197,                 0.0898,                 0.0001,                 0.0001,                 0.0001
                     18,                 1.0985,                0.50629,                0.19637,                0.45597,                  0.314,                 0.3174,                0.18385,                0.71161,                 0.6114,                0.08887,                 0.0001,                 0.0001,                 0.0001
                     19,                 1.0826,                 0.5104,                0.19039,                0.46276,                0.31967,                0.32285,                0.18751,                0.70718,                 0.6106,                0.08803,                 0.0001,                 0.0001,                 0.0001
                     20,                 1.0835,                0.50762,                0.19032,                0.46183,                0.32395,                0.32595,                0.19014,                0.70281,                0.60991,                0.08699,                 0.0001,                 0.0001,                 0.0001
                     21,                 1.0743,                0.50809,                0.19119,                0.46533,                0.32521,                0.32946,                0.19225,                0.69824,                 0.6094,                0.08557,                 0.0001,                 0.0001,                 0.0001
                     22,                  1.063,                0.50865,                0.18568,                0.46657,                0.32765,                0.33075,                 0.1926,                0.69507,                0.60896,                0.08492,                 0.0001,                 0.0001,                 0.0001
                     23,                 1.0585,                0.50932,                0.18754,                0.46852,                0.33284,                0.33484,                0.19573,                0.69179,                 0.6094,                 0.0843,                 0.0001,                 0.0001,                 0.0001
                     24,                 1.0537,                 0.5051,                0.18529,                0.47341,                0.33462,                0.33693,                0.19679,                0.68987,                0.60824,                  0.084,                 0.0001,                 0.0001,                 0.0001
                     25,                 1.0474,                0.50744,                0.18178,                 0.4758,                0.33567,                 0.3406,                 0.1993,                0.68823,                 0.6077,                0.08363,                 0.0001,                 0.0001,                 0.0001
                     26,                 1.0393,                0.50784,                0.17748,                0.47822,                0.33894,                0.34285,                0.20106,                0.68646,                0.60655,                0.08323,                 0.0001,                 0.0001,                 0.0001
                     27,                 1.0445,                0.50534,                 0.1815,                0.48044,                0.33871,                0.34436,                0.20216,                0.68339,                0.60662,                0.08272,                 0.0001,                 0.0001,                 0.0001
                     28,                 1.0312,                0.50846,                0.17448,                0.48743,                0.33951,                0.34663,                0.20341,                0.68172,                0.60541,                0.08244,                 0.0001,                 0.0001,                 0.0001
                     29,                 1.0303,                0.50581,                0.17876,                0.48691,                0.34204,                0.34943,                0.20525,                0.67865,                0.60489,                0.08188,                 0.0001,                 0.0001,                 0.0001
                     30,                 1.0207,                0.50687,                0.17303,                0.48776,                 0.3458,                0.35228,                0.20711,                0.67651,                0.60428,                0.08145,                 0.0001,                 0.0001,                 0.0001
                     31,                 1.0105,                0.50869,                0.17124,                0.49581,                0.34689,                0.35561,                0.20948,                 0.6745,                0.60365,                  0.081,                 0.0001,                 0.0001,                 0.0001
                     32,                 1.0045,                 0.5091,                0.16735,                0.49888,                0.34858,                0.35879,                0.21152,                0.67248,                 0.6032,                0.08058,                 0.0001,                 0.0001,                 0.0001
                     33,                 1.0123,                0.50606,                0.17378,                0.49966,                0.34908,                 0.3604,                0.21286,                0.67057,                0.60245,                0.08034,                 0.0001,                 0.0001,                 0.0001
                     34,                 1.0069,                0.50394,                0.17149,                 0.4967,                0.35333,                0.36278,                0.21445,                0.66876,                0.60188,                0.08006,                 0.0001,                 0.0001,                 0.0001
                     35,                 1.0035,                0.50666,                 0.1704,                0.49642,                0.35622,                0.36392,                0.21524,                0.66705,                0.60107,                0.07982,                 0.0001,                 0.0001,                 0.0001
                     36,                  0.995,                0.50435,                0.16576,                0.49855,                0.35806,                0.36608,                0.21674,                0.66559,                0.60012,                0.07955,                 0.0001,                 0.0001,                 0.0001
                     37,                0.99843,                0.50494,                0.17088,                0.50231,                0.36241,                0.36905,                0.21901,                0.66299,                0.59958,                0.07901,                 0.0001,                 0.0001,                 0.0001
                     38,                0.98865,                0.50771,                0.16339,                0.50306,                0.36428,                0.37114,                0.22063,                0.66084,                0.59915,                0.07863,                 0.0001,                 0.0001,                 0.0001
                     39,                0.99029,                0.50682,                0.16553,                0.51085,                0.36178,                 0.3744,                0.22273,                0.65857,                0.59902,                0.07826,                 0.0001,                 0.0001,                 0.0001
                     40,                0.97637,                0.50815,                0.16416,                0.51453,                0.36427,                0.37753,                0.22462,                0.65639,                0.59878,                0.07773,                 0.0001,                 0.0001,                 0.0001
                     41,                0.98154,                 0.5035,                0.16217,                0.51675,                0.36723,                0.38001,                 0.2266,                0.65412,                0.59854,                0.07743,                 0.0001,                 0.0001,                 0.0001
                     42,                0.97949,                0.50445,                0.16139,                0.51724,                0.36795,                0.38201,                0.22785,                0.65137,                0.59849,                0.07692,                 0.0001,                 0.0001,                 0.0001
                     43,                0.98862,                 0.4988,                0.16783,                0.51141,                0.37237,                0.38358,                0.22896,                0.64926,                0.59809,                0.07648,                 0.0001,                 0.0001,                 0.0001
                     44,                0.96952,                0.50369,                0.15846,                0.51531,                0.37313,                 0.3849,                0.23013,                0.64767,                0.59742,                0.07604,                 0.0001,                 0.0001,                 0.0001
                     45,                0.96672,                0.50655,                0.15833,                0.51687,                0.37668,                0.38868,                 0.2328,                0.64664,                0.59644,                0.07601,                 0.0001,                 0.0001,                 0.0001
                     46,                0.95674,                0.50872,                0.15336,                0.52471,                0.37492,                0.38957,                0.23339,                0.64471,                  0.596,                0.07553,                 0.0001,                 0.0001,                 0.0001
                     47,                0.96691,                0.50409,                0.15826,                0.52522,                0.37627,                0.39164,                0.23468,                0.64294,                0.59561,                0.07519,                 0.0001,                 0.0001,                 0.0001
                     48,                0.96473,                0.50436,                0.15703,                0.52455,                0.37791,                0.39436,                0.23666,                0.64079,                0.59587,                0.07474,                 0.0001,                 0.0001,                 0.0001
                     49,                0.95394,                0.50681,                0.15808,                0.53023,                 0.3784,                0.39621,                 0.2382,                0.63939,                0.59578,                0.07447,                 0.0001,                 0.0001,                 0.0001
                     50,                0.95648,                 0.5042,                0.15751,                 0.5282,                0.38253,                0.39871,                0.24002,                0.63743,                0.59514,                0.07431,                 0.0001,                 0.0001,                 0.0001
                     51,                0.96886,                0.50021,                0.15758,                0.53083,                0.38371,                0.40093,                 0.2414,                0.63532,                0.59484,                0.07388,                 0.0001,                 0.0001,                 0.0001
                     52,                0.94795,                0.50499,                0.15196,                0.53565,                0.38386,                0.40212,                0.24198,                0.63367,                0.59484,                 0.0737,                 0.0001,                 0.0001,                 0.0001
                     53,                0.94433,                0.50683,                0.15514,                0.53768,                0.38706,                0.40374,                0.24356,                0.63146,                 0.5944,                0.07304,                 0.0001,                 0.0001,                 0.0001
                     54,                0.95082,                0.50457,                0.15117,                0.53524,                0.38867,                0.40602,                0.24503,                0.62993,                0.59391,                0.07266,                 0.0001,                 0.0001,                 0.0001
                     55,                0.94285,                0.50392,                0.15127,                0.53803,                0.39135,                0.40765,                0.24646,                0.62949,                 0.5928,                0.07253,                 0.0001,                 0.0001,                 0.0001
                     56,                0.93969,                0.50523,                0.15181,                0.54039,                0.39333,                0.41082,                0.24845,                0.62772,                0.59289,                0.07229,                 0.0001,                 0.0001,                 0.0001
                     57,                0.95158,                0.50268,                0.15504,                0.54437,                0.39528,                 0.4135,                0.24978,                0.62709,                0.59213,                0.07209,                 0.0001,                 0.0001,                 0.0001
                     58,                0.94454,                0.50231,                0.15564,                0.54203,                0.39861,                0.41605,                0.25127,                0.62498,                0.59232,                0.07167,                 0.0001,                 0.0001,                 0.0001
                     59,                0.94196,                0.50127,                0.15328,                0.54188,                0.39997,                0.41682,                0.25201,                0.62344,                0.59178,                0.07128,                 0.0001,                 0.0001,                 0.0001
                     60,                0.93077,                0.50572,                0.14691,                 0.5449,                0.40177,                0.41898,                 0.2532,                0.62128,                0.59169,                0.07107,                 0.0001,                 0.0001,                 0.0001
                     61,                0.92435,                0.50605,                0.14668,                0.54406,                0.40219,                0.41981,                0.25365,                0.62025,                0.59113,                  0.071,                 0.0001,                 0.0001,                 0.0001
                     62,                0.93615,                0.50259,                0.15027,                0.54473,                0.40233,                 0.4205,                0.25427,                  0.619,                0.59095,                 0.0708,                 0.0001,                 0.0001,                 0.0001
                     63,                0.93761,                0.50022,                0.15377,                0.54732,                0.40508,                0.42258,                0.25544,                0.61793,                0.59067,                0.07063,                 0.0001,                 0.0001,                 0.0001
                     64,                0.92202,                0.50691,                0.14764,                 0.5444,                0.40916,                0.42392,                0.25597,                0.61669,                0.59076,                0.07058,                 0.0001,                 0.0001,                 0.0001
                     65,                0.91482,                  0.504,                0.14551,                0.54284,                0.41092,                0.42423,                 0.2564,                0.61582,                0.59052,                0.07033,                 0.0001,                 0.0001,                 0.0001
                     66,                0.92384,                 0.5043,                0.15009,                0.54524,                 0.4134,                0.42525,                 0.2573,                0.61447,                0.59022,                 0.0701,                 0.0001,                 0.0001,                 0.0001
                     67,                0.92118,                0.50353,                0.14383,                0.54664,                0.41295,                0.42707,                0.25904,                0.61332,                0.58958,                0.07001,                 0.0001,                 0.0001,                 0.0001
                     68,                0.91366,                0.50509,                0.14564,                0.54766,                0.41421,                  0.429,                0.25988,                0.61228,                0.58926,                0.06968,                 0.0001,                 0.0001,                 0.0001
                     69,                0.91452,                 0.5037,                0.14381,                0.55502,                0.41185,                0.42986,                0.26035,                0.61112,                0.58891,                 0.0695,                 0.0001,                 0.0001,                 0.0001
                     70,                0.91681,                0.50459,                0.14547,                 0.5542,                0.41312,                  0.431,                0.26068,                0.61008,                0.58885,                0.06934,                 0.0001,                 0.0001,                 0.0001
                     71,                0.91149,                0.50565,                  0.145,                0.55454,                0.41517,                0.43215,                 0.2617,                0.60965,                0.58864,                0.06933,                 0.0001,                 0.0001,                 0.0001
                     72,                0.90989,                0.50471,                 0.1411,                0.56141,                0.41429,                0.43348,                0.26229,                0.60875,                0.58827,                 0.0692,                 0.0001,                 0.0001,                 0.0001
                     73,                 0.9102,                0.50309,                0.14625,                0.56141,                0.41524,                0.43365,                0.26266,                 0.6077,                 0.5881,                0.06915,                 0.0001,                 0.0001,                 0.0001
                     74,                0.91206,                0.50012,                 0.1461,                0.56597,                0.41517,                0.43471,                0.26383,                0.60666,                0.58786,                0.06887,                 0.0001,                 0.0001,                 0.0001
                     75,                0.90895,                0.50384,                0.14236,                0.56626,                0.41789,                0.43606,                0.26444,                0.60568,                 0.5878,                0.06877,                 0.0001,                 0.0001,                 0.0001
                     76,                0.91357,                0.50088,                0.14797,                0.56511,                0.41972,                0.43814,                0.26567,                0.60488,                 0.5877,                0.06864,                 0.0001,                 0.0001,                 0.0001
                     77,                0.90578,                0.50253,                0.14243,                0.57205,                0.42044,                0.44058,                0.26702,                 0.6039,                0.58735,                0.06849,                 0.0001,                 0.0001,                 0.0001
                     78,                0.90413,                  0.502,                0.14329,                 0.5662,                0.42277,                 0.4407,                0.26708,                0.60332,                 0.5866,                0.06834,                 0.0001,                 0.0001,                 0.0001
                     79,                0.89818,                0.50402,                0.14247,                0.57396,                0.42038,                0.44141,                0.26763,                0.60195,                0.58669,                0.06806,                 0.0001,                 0.0001,                 0.0001
                     80,                0.90262,                0.50082,                0.14485,                0.57108,                0.42406,                0.44259,                0.26851,                0.60117,                0.58609,                0.06801,                 0.0001,                 0.0001,                 0.0001
                     81,                0.89799,                0.50181,                0.14206,                0.57532,                 0.4257,                0.44429,                0.26992,                0.60058,                0.58572,                0.06787,                 0.0001,                 0.0001,                 0.0001
                     82,                0.89332,                0.50369,                0.14097,                0.57644,                0.42548,                 0.4453,                0.27059,                0.59983,                0.58587,                0.06786,                 0.0001,                 0.0001,                 0.0001
                     83,                0.89584,                0.50183,                 0.1423,                 0.5772,                0.42695,                 0.4458,                0.27094,                0.59874,                0.58562,                 0.0677,                 0.0001,                 0.0001,                 0.0001
                     84,                0.88523,                0.50324,                0.13667,                0.57802,                0.42883,                0.44688,                 0.2715,                0.59749,                0.58576,                0.06733,                 0.0001,                 0.0001,                 0.0001
                     85,                0.89068,                0.50182,                0.13886,                0.57488,                0.43085,                0.44726,                0.27153,                0.59633,                0.58622,                0.06728,                 0.0001,                 0.0001,                 0.0001
                     86,                0.88548,                0.50203,                0.13616,                0.57459,                0.43204,                0.44889,                0.27223,                 0.5957,                0.58584,                0.06727,                 0.0001,                 0.0001,                 0.0001
                     87,                0.89221,                 0.5019,                0.13922,                0.57477,                0.43214,                0.44895,                0.27239,                0.59587,                0.58515,                0.06734,                 0.0001,                 0.0001,                 0.0001
                     88,                0.88258,                0.50231,                0.13695,                0.57515,                0.43162,                0.44967,                0.27258,                0.59494,                0.58493,                0.06701,                 0.0001,                 0.0001,                 0.0001
                     89,                0.89387,                0.50008,                0.13967,                 0.5747,                0.43362,                0.45021,                0.27309,                0.59469,                0.58487,                0.06697,                 0.0001,                 0.0001,                 0.0001
                     90,                0.88974,                0.50297,                 0.1384,                 0.5732,                0.43352,                0.45047,                0.27367,                0.59352,                0.58502,                0.06671,                 0.0001,                 0.0001,                 0.0001
                     91,                0.88962,                0.49977,                 0.1384,                0.57853,                0.43301,                0.45202,                0.27433,                0.59351,                0.58455,                0.06681,                 0.0001,                 0.0001,                 0.0001
                     92,                0.88057,                0.50257,                0.13475,                0.57637,                0.43469,                0.45268,                0.27495,                 0.5925,                0.58488,                 0.0665,                 0.0001,                 0.0001,                 0.0001
                     93,                0.88319,                0.50095,                0.13694,                0.57827,                0.43597,                0.45399,                0.27575,                0.59085,                0.58514,                0.06631,                 0.0001,                 0.0001,                 0.0001
                     94,                  0.872,                0.50469,                0.13603,                 0.5768,                0.43902,                0.45607,                0.27677,                0.59025,                0.58497,                0.06609,                 0.0001,                 0.0001,                 0.0001
                     95,                0.88179,                0.49991,                 0.1372,                0.58094,                0.43953,                0.45711,                0.27773,                0.58975,                0.58504,                0.06602,                 0.0001,                 0.0001,                 0.0001
                     96,                0.87365,                0.50282,                 0.1364,                0.58195,                 0.4399,                0.45857,                0.27871,                0.58859,                0.58475,                0.06573,                 0.0001,                 0.0001,                 0.0001
                     97,                0.88359,                0.49904,                0.13828,                0.58485,                0.44175,                 0.4596,                0.27952,                0.58817,                0.58441,                 0.0659,                 0.0001,                 0.0001,                 0.0001
                     98,                0.88083,                0.49993,                0.13835,                0.58526,                0.44233,                0.46029,                0.28012,                0.58806,                0.58434,                0.06604,                 0.0001,                 0.0001,                 0.0001
                     99,                0.87441,                 0.5027,                0.13327,                0.58317,                0.44299,                0.46006,                 0.2804,                0.58714,                0.58427,                0.06599,                 0.0001,                 0.0001,                 0.0001
                    100,                0.87725,                0.49966,                0.13627,                 0.5867,                0.44367,                0.46108,                0.28107,                0.58711,                0.58419,                0.06591,                 0.0001,                 0.0001,                 0.0001
                    101,                0.86712,                 0.5023,                0.13638,                0.59071,                 0.4435,                0.46184,                0.28185,                0.58617,                0.58419,                0.06589,                 0.0001,                 0.0001,                 0.0001
                    102,                0.87453,                0.50013,                0.13634,                0.59142,                0.44374,                0.46256,                0.28251,                 0.5855,                0.58372,                0.06591,                 0.0001,                 0.0001,                 0.0001
                    103,                0.87976,                0.49753,                0.13728,                0.59424,                0.44426,                0.46325,                0.28284,                0.58477,                 0.5838,                0.06581,                 0.0001,                 0.0001,                 0.0001
                    104,                0.87366,                0.49844,                0.13733,                0.59287,                0.44537,                0.46393,                0.28349,                0.58431,                0.58403,                0.06569,                 0.0001,                 0.0001,                 0.0001
                    105,                0.86005,                0.50244,                0.12902,                0.59048,                 0.4478,                0.46483,                0.28385,                0.58335,                0.58412,                0.06551,                 0.0001,                 0.0001,                 0.0001
                    106,                0.86685,                0.50217,                0.13382,                 0.5943,                0.44721,                0.46572,                  0.284,                0.58261,                0.58463,                0.06548,                 0.0001,                 0.0001,                 0.0001
                    107,                0.85531,                0.50205,                0.12956,                0.59512,                0.44821,                0.46644,                0.28449,                0.58211,                0.58398,                0.06552,                 0.0001,                 0.0001,                 0.0001
                    108,                0.87729,                0.49765,                0.13471,                0.59713,                0.44816,                0.46752,                0.28522,                0.58217,                0.58357,                0.06529,                 0.0001,                 0.0001,                 0.0001
                    109,                0.86046,                0.49986,                0.13258,                0.59299,                0.44984,                0.46796,                0.28561,                0.58143,                0.58342,                0.06517,                 0.0001,                 0.0001,                 0.0001
                    110,                0.86663,                0.50076,                0.13362,                 0.5956,                0.44931,                0.46805,                0.28567,                0.58147,                0.58302,                0.06509,                 0.0001,                 0.0001,                 0.0001
                    111,                0.86975,                0.50251,                0.13621,                0.59451,                 0.4501,                0.46845,                0.28633,                0.58105,                0.58325,                0.06504,                 0.0001,                 0.0001,                 0.0001
                    112,                0.86266,                0.50187,                0.13392,                0.59151,                0.45254,                0.46937,                0.28667,                0.58068,                0.58289,                0.06496,                 0.0001,                 0.0001,                 0.0001
                    113,                0.85374,                0.50303,                0.13079,                0.59433,                0.45208,                0.47036,                0.28733,                0.58022,                0.58254,                0.06478,                 0.0001,                 0.0001,                 0.0001
                    114,                0.85606,                0.50189,                0.12942,                0.59413,                0.45246,                0.47014,                 0.2874,                0.58019,                0.58234,                0.06472,                 0.0001,                 0.0001,                 0.0001
                    115,                0.86517,                0.49846,                0.13499,                0.59307,                 0.4517,                0.47049,                0.28762,                0.57948,                0.58225,                 0.0644,                 0.0001,                 0.0001,                 0.0001
                    116,                0.84941,                0.50255,                0.12685,                0.59402,                0.45076,                 0.4709,                0.28824,                0.57922,                0.58221,                0.06454,                 0.0001,                 0.0001,                 0.0001
                    117,                0.84885,                0.50223,                0.12931,                0.59557,                0.45088,                0.47202,                0.28874,                0.57843,                0.58225,                0.06426,                 0.0001,                 0.0001,                 0.0001
                    118,                0.85206,                0.49834,                0.12927,                0.59379,                0.45216,                0.47314,                0.28964,                0.57784,                0.58206,                 0.0643,                 0.0001,                 0.0001,                 0.0001
                    119,                0.85651,                0.49927,                0.12824,                0.59442,                 0.4535,                0.47311,                0.28986,                0.57769,                0.58198,                0.06447,                 0.0001,                 0.0001,                 0.0001
                    120,                0.84672,                0.50275,                0.12756,                0.59732,                0.45298,                0.47356,                0.28994,                0.57729,                0.58128,                 0.0643,                 0.0001,                 0.0001,                 0.0001
                    121,                 0.8585,                0.50083,                0.13037,                  0.599,                0.45377,                0.47415,                0.29028,                 0.5765,                0.58175,                0.06413,                 0.0001,                 0.0001,                 0.0001
                    122,                0.84699,                0.50124,                 0.1282,                0.59921,                0.45408,                  0.474,                0.29019,                0.57624,                0.58146,                0.06412,                 0.0001,                 0.0001,                 0.0001
                    123,                0.86354,                0.49862,                0.13095,                0.59991,                0.45423,                0.47439,                0.29053,                0.57616,                0.58118,                0.06416,                 0.0001,                 0.0001,                 0.0001
                    124,                0.85959,                0.49665,                0.13127,                0.59861,                0.45698,                0.47537,                0.29162,                0.57573,                0.58118,                0.06414,                 0.0001,                 0.0001,                 0.0001
                    125,                0.84988,                0.50069,                0.13105,                0.59946,                0.45742,                0.47554,                0.29203,                 0.5748,                0.58137,                 0.0639,                 0.0001,                 0.0001,                 0.0001
                    126,                0.85887,                0.49809,                0.13482,                0.60017,                 0.4585,                0.47642,                0.29259,                0.57421,                0.58158,                0.06384,                 0.0001,                 0.0001,                 0.0001
                    127,                0.83412,                0.50082,                0.12611,                 0.5997,                0.46005,                0.47674,                0.29301,                0.57434,                0.58105,                 0.0638,                 0.0001,                 0.0001,                 0.0001
                    128,                0.83762,                0.50158,                0.12384,                0.60275,                0.45914,                0.47726,                0.29317,                0.57466,                0.58048,                0.06386,                 0.0001,                 0.0001,                 0.0001
                    129,                0.85515,                 0.4973,                0.12918,                0.60007,                0.46066,                0.47796,                0.29351,                0.57447,                0.58022,                0.06388,                 0.0001,                 0.0001,                 0.0001
                    130,                0.84561,                0.49879,                0.12699,                0.60092,                0.45988,                0.47797,                0.29355,                0.57441,                0.57992,                0.06414,                 0.0001,                 0.0001,                 0.0001
                    131,                0.85091,                 0.4992,                0.13082,                0.60052,                0.46314,                 0.4796,                0.29412,                 0.5738,                0.57999,                0.06408,                 0.0001,                 0.0001,                 0.0001
                    132,                0.84321,                 0.4998,                0.12739,                0.60477,                0.46094,                0.48015,                0.29481,                 0.5735,                0.57954,                0.06416,                 0.0001,                 0.0001,                 0.0001
                    133,                 0.8419,                0.49884,                0.12673,                0.60558,                0.46072,                   0.48,                0.29472,                0.57318,                0.57913,                 0.0641,                 0.0001,                 0.0001,                 0.0001
                    134,                0.83802,                 0.5012,                0.12588,                0.60594,                0.46065,                 0.4803,                0.29486,                0.57276,                 0.5792,                0.06406,                 0.0001,                 0.0001,                 0.0001
                    135,                0.84577,                0.49901,                0.12801,                    0.6,                0.46377,                0.48096,                0.29556,                0.57239,                0.57904,                0.06402,                 0.0001,                 0.0001,                 0.0001
                    136,                0.84879,                0.49972,                0.12938,                0.60049,                0.46536,                0.48293,                0.29617,                0.57196,                0.57919,                 0.0639,                 0.0001,                 0.0001,                 0.0001
                    137,                 0.8458,                0.49799,                0.12822,                0.60387,                0.46571,                0.48356,                0.29666,                0.57073,                0.57967,                0.06362,                 0.0001,                 0.0001,                 0.0001
                    138,                0.83564,                 0.4991,                0.12379,                0.60231,                0.46479,                0.48352,                0.29671,                0.57104,                0.57933,                0.06386,                 0.0001,                 0.0001,                 0.0001
                    139,                0.82582,                 0.4994,                0.12335,                 0.6025,                0.46467,                0.48341,                0.29715,                0.57052,                0.57965,                0.06374,                 0.0001,                 0.0001,                 0.0001
                    140,                 0.8322,                0.50146,                 0.1244,                0.60362,                  0.466,                0.48408,                 0.2974,                0.56962,                0.58027,                0.06355,                 0.0001,                 0.0001,                 0.0001
                    141,                0.83732,                0.49781,                 0.1283,                0.60344,                0.46737,                0.48343,                 0.2975,                0.56929,                0.58028,                 0.0634,                 0.0001,                 0.0001,                 0.0001
                    142,                0.83162,                0.50013,                  0.123,                0.60607,                0.46902,                0.48462,                0.29825,                0.56871,                0.58022,                0.06333,                 0.0001,                 0.0001,                 0.0001
                    143,                0.84267,                 0.4965,                0.12662,                0.61037,                0.46877,                0.48486,                 0.2983,                0.56798,                0.58017,                0.06302,                 0.0001,                 0.0001,                 0.0001
                    144,                  0.847,                0.49493,                0.12821,                0.60655,                0.47053,                0.48604,                 0.2987,                0.56866,                0.57973,                0.06331,                 0.0001,                 0.0001,                 0.0001
                    145,                0.82639,                0.50021,                0.12464,                0.60787,                0.47162,                0.48617,                  0.299,                0.56881,                 0.5794,                 0.0633,                 0.0001,                 0.0001,                 0.0001
                    146,                0.83793,                0.49711,                 0.1267,                0.61034,                  0.473,                0.48743,                 0.2996,                0.56835,                0.57973,                 0.0633,                 0.0001,                 0.0001,                 0.0001
                    147,                 0.8292,                0.49796,                 0.1237,                0.60756,                0.47427,                 0.4866,                0.29923,                0.56806,                0.57951,                0.06321,                 0.0001,                 0.0001,                 0.0001
                    148,                0.83335,                0.49804,                0.12534,                0.60648,                0.47557,                0.48762,                0.29964,                0.56789,                0.57902,                0.06323,                 0.0001,                 0.0001,                 0.0001
                    149,                0.83406,                0.49454,                0.12692,                0.60658,                0.47574,                0.48804,                0.29987,                0.56754,                0.57896,                0.06304,                 0.0001,                 0.0001,                 0.0001
                    150,                0.82513,                 0.5002,                0.12233,                0.61174,                0.47556,                0.48851,                0.30015,                0.56723,                 0.5791,                0.06299,                 0.0001,                 0.0001,                 0.0001
                    151,                 0.8311,                0.49796,                0.12484,                0.61112,                0.47731,                0.48933,                0.30085,                0.56662,                0.57927,                0.06286,                 0.0001,                 0.0001,                 0.0001
                    152,                0.82259,                0.49877,                0.12391,                0.61263,                0.47735,                0.48931,                0.30061,                0.56605,                0.57948,                0.06285,                 0.0001,                 0.0001,                 0.0001
                    153,                0.83089,                0.49542,                0.12581,                 0.6128,                0.47742,                0.48989,                 0.3012,                0.56619,                0.57958,                0.06308,                 0.0001,                 0.0001,                 0.0001
                    154,                0.83159,                0.49771,                0.12488,                0.61868,                0.47558,                 0.4897,                0.30127,                0.56573,                0.57941,                0.06321,                 0.0001,                 0.0001,                 0.0001
                    155,                0.83022,                0.49668,                0.12158,                0.62022,                0.47562,                0.49057,                 0.3022,                0.56605,                0.57907,                0.06308,                 0.0001,                 0.0001,                 0.0001
                    156,                0.83329,                0.49599,                0.12462,                0.61799,                  0.473,                0.48833,                0.30071,                0.56544,                0.57924,                0.06302,                 0.0001,                 0.0001,                 0.0001
                    157,                0.84467,                0.49201,                0.12973,                0.61689,                0.47395,                0.48895,                0.30143,                0.56493,                 0.5793,                 0.0631,                 0.0001,                 0.0001,                 0.0001
                    158,                0.82144,                 0.4974,                0.12407,                0.62139,                0.47181,                0.48991,                0.30197,                0.56492,                 0.5791,                 0.0631,                 0.0001,                 0.0001,                 0.0001
                    159,                0.83178,                0.49523,                0.12571,                0.61653,                  0.474,                0.48997,                0.30236,                0.56495,                0.57867,                0.06295,                 0.0001,                 0.0001,                 0.0001
                    160,                 0.8294,                0.49448,                  0.125,                0.61599,                0.47397,                0.49058,                0.30265,                0.56462,                0.57872,                0.06285,                 0.0001,                 0.0001,                 0.0001
                    161,                0.82692,                0.49677,                0.12425,                0.61415,                0.47576,                0.49041,                 0.3027,                0.56455,                0.57883,                0.06287,                 0.0001,                 0.0001,                 0.0001
                    162,                0.82073,                 0.4967,                0.12287,                0.61403,                0.47495,                0.48952,                0.30219,                0.56471,                0.57878,                0.06304,                 0.0001,                 0.0001,                 0.0001
                    163,                0.82138,                0.49413,                0.12289,                0.61509,                0.47511,                0.48995,                0.30262,                0.56431,                0.57892,                0.06307,                 0.0001,                 0.0001,                 0.0001
                    164,                0.82649,                0.49544,                0.12406,                0.61594,                 0.4732,                0.48962,                0.30232,                0.56378,                0.57918,                0.06292,                 0.0001,                 0.0001,                 0.0001
                    165,                0.82164,                0.49811,                0.12395,                0.61399,                0.47449,                0.48985,                0.30236,                0.56385,                0.57901,                0.06285,                 0.0001,                 0.0001,                 0.0001
                    166,                0.82212,                  0.495,                0.12185,                0.61639,                0.47472,                0.49045,                 0.3028,                0.56309,                0.57914,                0.06275,                 0.0001,                 0.0001,                 0.0001
                    167,                 0.8156,                  0.498,                0.12005,                0.61469,                0.47583,                0.49078,                 0.3032,                0.56337,                0.57846,                0.06277,                 0.0001,                 0.0001,                 0.0001
                    168,                0.82505,                0.49294,                0.12571,                0.61722,                0.47617,                 0.4919,                0.30402,                0.56365,                0.57854,                0.06293,                 0.0001,                 0.0001,                 0.0001
                    169,                0.82135,                0.49529,                0.12157,                 0.6155,                0.47731,                0.49275,                0.30465,                0.56374,                0.57797,                0.06285,                 0.0001,                 0.0001,                 0.0001
                    170,                 0.8184,                0.49669,                0.12066,                0.61565,                0.47694,                0.49213,                0.30427,                0.56304,                0.57813,                0.06263,                 0.0001,                 0.0001,                 0.0001
                    171,                0.81145,                0.49985,                0.12047,                0.61131,                0.47915,                0.49253,                0.30473,                0.56324,                0.57757,                0.06263,                 0.0001,                 0.0001,                 0.0001
                    172,                0.81617,                0.49725,                0.12156,                0.61598,                0.47496,                0.49213,                0.30448,                0.56311,                0.57751,                0.06261,                 0.0001,                 0.0001,                 0.0001
                    173,                0.82213,                0.49563,                0.12271,                0.61345,                0.47621,                0.49282,                 0.3044,                0.56236,                0.57778,                0.06262,                 0.0001,                 0.0001,                 0.0001
                    174,                0.82127,                0.49574,                0.12154,                0.61433,                0.47662,                0.49263,                0.30427,                0.56301,                 0.5771,                0.06291,                 0.0001,                 0.0001,                 0.0001
                    175,                0.81054,                0.49645,                0.11903,                0.61511,                  0.475,                0.49233,                0.30468,                0.56335,                0.57687,                0.06299,                 0.0001,                 0.0001,                 0.0001
                    176,                0.81988,                0.49492,                0.12241,                0.61569,                 0.4759,                0.49188,                0.30413,                0.56267,                0.57715,                0.06292,                 0.0001,                 0.0001,                 0.0001
                    177,                0.83382,                0.49356,                 0.1261,                0.61285,                0.47607,                0.49228,                0.30447,                0.56268,                0.57741,                0.06293,                 0.0001,                 0.0001,                 0.0001
                    178,                0.82401,                0.49225,                0.12267,                0.61429,                0.47547,                0.49239,                0.30454,                0.56243,                0.57747,                0.06282,                 0.0001,                 0.0001,                 0.0001
                    179,                0.81391,                0.49677,                0.11925,                0.62045,                 0.4748,                0.49297,                0.30502,                 0.5624,                0.57737,                0.06275,                 0.0001,                 0.0001,                 0.0001
                    180,                0.82326,                0.49421,                0.12334,                0.61958,                0.47504,                0.49202,                0.30418,                0.56182,                0.57736,                0.06266,                 0.0001,                 0.0001,                 0.0001
                    181,                0.80641,                0.49571,                0.12012,                0.62046,                0.47335,                0.49135,                 0.3037,                0.56179,                0.57729,                0.06279,                 0.0001,                 0.0001,                 0.0001
                    182,                0.81414,                0.49363,                0.12205,                0.62153,                0.47402,                0.49217,                0.30418,                0.56097,                0.57756,                0.06254,                 0.0001,                 0.0001,                 0.0001
                    183,                0.81664,                0.49525,                0.12137,                0.61865,                0.47538,                0.49173,                0.30365,                0.56126,                0.57688,                0.06257,                 0.0001,                 0.0001,                 0.0001
                    184,                0.81155,                0.49507,                0.12007,                0.62009,                0.47651,                 0.4928,                 0.3044,                0.56104,                0.57703,                0.06252,                 0.0001,                 0.0001,                 0.0001
                    185,                0.80894,                0.49457,                0.11837,                0.61845,                0.47857,                0.49392,                 0.3052,                0.56056,                0.57693,                0.06238,                 0.0001,                 0.0001,                 0.0001
                    186,                0.81966,                0.49438,                0.12331,                 0.6185,                0.47713,                0.49362,                0.30538,                0.56003,                0.57697,                0.06255,                 0.0001,                 0.0001,                 0.0001
                    187,                0.81683,                0.49563,                0.12418,                0.62226,                0.47697,                0.49321,                0.30547,                0.55973,                 0.5768,                0.06239,                 0.0001,                 0.0001,                 0.0001
                    188,                0.82371,                0.49332,                0.12358,                0.62321,                0.47699,                0.49321,                0.30516,                0.55966,                0.57653,                0.06233,                 0.0001,                 0.0001,                 0.0001
                    189,                0.81543,                0.49556,                0.12064,                0.62574,                0.47642,                0.49364,                0.30545,                0.55926,                 0.5765,                0.06224,                 0.0001,                 0.0001,                 0.0001
                    190,                0.81471,                 0.4948,                0.11952,                 0.6223,                0.47703,                0.49334,                0.30543,                0.55874,                0.57665,                0.06218,                 0.0001,                 0.0001,                 0.0001
                    191,                0.82047,                0.49413,                0.12032,                0.61992,                0.47846,                0.49394,                0.30608,                0.55829,                0.57681,                0.06206,                 0.0001,                 0.0001,                 0.0001
                    192,                0.81306,                0.49447,                0.12123,                0.62434,                0.47319,                 0.4925,                0.30502,                0.55768,                0.57706,                0.06187,                 0.0001,                 0.0001,                 0.0001
                    193,                0.81673,                0.49273,                0.12325,                0.62628,                0.47522,                0.49406,                0.30599,                0.55765,                0.57707,                0.06174,                 0.0001,                 0.0001,                 0.0001
                    194,                0.82239,                0.49083,                0.12247,                0.62655,                0.47678,                0.49414,                0.30641,                0.55751,                0.57742,                0.06192,                 0.0001,                 0.0001,                 0.0001
                    195,                0.80684,                0.49624,                0.11894,                0.62622,                0.47746,                0.49489,                0.30696,                0.55786,                0.57707,                0.06194,                 0.0001,                 0.0001,                 0.0001
                    196,                0.80289,                0.49487,                0.11854,                0.62319,                0.47822,                0.49551,                0.30716,                0.55762,                0.57745,                 0.0621,                 0.0001,                 0.0001,                 0.0001
                    197,                0.81458,                0.48996,                0.12092,                 0.6242,                0.48063,                0.49555,                0.30742,                0.55722,                0.57744,                0.06204,                 0.0001,                 0.0001,                 0.0001
                    198,                0.80599,                0.49327,                0.11875,                0.62295,                0.48226,                0.49567,                0.30756,                0.55765,                0.57666,                0.06199,                 0.0001,                 0.0001,                 0.0001
                    199,                0.80918,                0.49273,                0.12066,                 0.6226,                 0.4818,                0.49552,                0.30723,                0.55761,                0.57638,                  0.062,                 0.0001,                 0.0001,                 0.0001
                    200,                0.80922,                0.49218,                0.11895,                0.62103,                0.48152,                0.49585,                0.30724,                0.55762,                0.57654,                0.06199,                 0.0001,                 0.0001,                 0.0001
                    201,                0.80875,                0.49304,                0.11891,                0.62138,                0.48036,                0.49449,                0.30661,                0.55797,                0.57608,                0.06227,                 0.0001,                 0.0001,                 0.0001
                    202,                0.80749,                0.49127,                0.11973,                0.62229,                0.48149,                0.49491,                0.30661,                0.55756,                0.57678,                0.06216,                 0.0001,                 0.0001,                 0.0001
                    203,                0.80414,                0.49234,                0.12012,                0.62078,                0.48221,                0.49482,                0.30645,                0.55729,                0.57671,                0.06208,                 0.0001,                 0.0001,                 0.0001
                    204,                0.80676,                0.49174,                0.12035,                0.61779,                0.48232,                0.49457,                0.30658,                0.55738,                0.57705,                0.06214,                 0.0001,                 0.0001,                 0.0001
                    205,                0.80341,                0.49149,                0.11734,                0.61576,                0.48487,                0.49629,                0.30721,                0.55685,                0.57718,                0.06198,                 0.0001,                 0.0001,                 0.0001
                    206,                0.79826,                0.49426,                0.11598,                0.61921,                0.48293,                0.49634,                 0.3074,                0.55723,                0.57701,                0.06215,                 0.0001,                 0.0001,                 0.0001
                    207,                0.80454,                0.49247,                 0.1183,                0.62236,                0.48243,                0.49734,                 0.3082,                0.55684,                0.57713,                0.06203,                 0.0001,                 0.0001,                 0.0001
                    208,                0.80734,                0.49145,                0.12092,                 0.6202,                0.48374,                0.49807,                 0.3081,                0.55656,                0.57727,                0.06202,                 0.0001,                 0.0001,                 0.0001
                    209,                0.79425,                0.49453,                0.11591,                0.61998,                0.48198,                0.49704,                 0.3074,                0.55645,                0.57733,                0.06177,                 0.0001,                 0.0001,                 0.0001
                    210,                0.80356,                0.49132,                0.11812,                0.61966,                0.48096,                0.49621,                0.30723,                 0.5566,                0.57727,                 0.0617,                 0.0001,                 0.0001,                 0.0001
                    211,                0.79944,                0.49296,                0.11777,                0.62075,                0.48278,                0.49723,                0.30781,                 0.5563,                0.57754,                0.06173,                 0.0001,                 0.0001,                 0.0001
                    212,                0.78919,                0.49654,                0.11422,                0.62247,                0.48187,                 0.4979,                0.30806,                0.55624,                0.57771,                0.06152,                 0.0001,                 0.0001,                 0.0001
                    213,                0.79906,                0.49247,                0.11797,                0.62499,                0.48217,                0.49827,                0.30823,                0.55601,                0.57778,                0.06165,                 0.0001,                 0.0001,                 0.0001
                    214,                0.79248,                0.49305,                0.11678,                0.62372,                0.48114,                 0.4984,                0.30892,                0.55678,                0.57693,                0.06166,                 0.0001,                 0.0001,                 0.0001
                    215,                0.79189,                 0.4937,                0.11521,                0.62558,                0.47956,                0.49819,                0.30872,                0.55674,                0.57704,                 0.0618,                 0.0001,                 0.0001,                 0.0001
                    216,                0.79022,                0.49225,                0.11548,                0.62562,                0.47952,                 0.4977,                0.30869,                0.55686,                0.57695,                0.06175,                 0.0001,                 0.0001,                 0.0001
                    217,                0.79395,                0.49214,                 0.1148,                0.62486,                0.48033,                0.49806,                0.30891,                0.55661,                0.57729,                0.06169,                 0.0001,                 0.0001,                 0.0001
                    218,                0.79479,                0.49135,                0.11651,                0.62356,                0.48171,                0.49872,                0.30887,                0.55627,                0.57718,                0.06162,                 0.0001,                 0.0001,                 0.0001
                    219,                0.79386,                0.49086,                0.11543,                0.62144,                 0.4825,                0.49856,                 0.3089,                0.55595,                0.57737,                0.06153,                 0.0001,                 0.0001,                 0.0001
                    220,                0.79997,                0.49024,                0.11775,                0.62187,                0.48305,                0.49885,                0.30931,                0.55596,                0.57744,                0.06147,                 0.0001,                 0.0001,                 0.0001
                    221,                0.79768,                 0.4913,                0.11747,                0.62225,                0.48318,                0.49959,                0.30969,                0.55646,                0.57701,                0.06166,                 0.0001,                 0.0001,                 0.0001
                    222,                0.79465,                0.49056,                0.11717,                0.62605,                0.48384,                0.50005,                0.30971,                0.55623,                0.57685,                0.06163,                 0.0001,                 0.0001,                 0.0001
                    223,                0.80044,                 0.4926,                0.11927,                0.62878,                0.48314,                0.50079,                0.31012,                0.55611,                0.57696,                0.06163,                 0.0001,                 0.0001,                 0.0001
                    224,                0.78878,                0.49099,                0.11659,                0.62513,                 0.4834,                0.50069,                 0.3101,                0.55618,                0.57691,                0.06165,                 0.0001,                 0.0001,                 0.0001
                    225,                0.78645,                0.49244,                0.11194,                0.62653,                0.48324,                0.50146,                 0.3107,                0.55628,                0.57683,                 0.0616,                 0.0001,                 0.0001,                 0.0001
                    226,                0.79458,                0.49145,                0.11846,                0.62655,                0.48389,                0.50199,                0.31095,                0.55649,                0.57673,                0.06165,                 0.0001,                 0.0001,                 0.0001
                    227,                0.79446,                0.49003,                0.11694,                0.63073,                0.48225,                0.50228,                0.31127,                0.55606,                0.57677,                0.06174,                 0.0001,                 0.0001,                 0.0001
                    228,                0.80368,                0.48836,                0.11896,                0.62769,                0.48441,                0.50326,                0.31174,                0.55629,                0.57649,                0.06167,                 0.0001,                 0.0001,                 0.0001
                    229,                0.80058,                0.48837,                0.11682,                0.63093,                0.48324,                0.50358,                 0.3117,                0.55577,                0.57652,                0.06156,                 0.0001,                 0.0001,                 0.0001
                    230,                0.79647,                0.49133,                0.11813,                0.63151,                0.48421,                0.50366,                0.31226,                0.55513,                0.57741,                0.06146,                 0.0001,                 0.0001,                 0.0001
                    231,                0.79907,                0.48827,                0.11834,                0.63502,                0.48381,                0.50389,                0.31233,                0.55496,                0.57796,                0.06145,                 0.0001,                 0.0001,                 0.0001
                    232,                0.78693,                0.49005,                0.11466,                0.63658,                 0.4814,                0.50361,                0.31221,                0.55537,                0.57754,                0.06164,                 0.0001,                 0.0001,                 0.0001
                    233,                0.78548,                0.49026,                0.11462,                0.63178,                0.48414,                0.50378,                0.31219,                0.55536,                0.57755,                0.06167,                 0.0001,                 0.0001,                 0.0001
                    234,                0.79579,                0.48906,                0.11697,                 0.6332,                0.48293,                0.50369,                0.31234,                0.55542,                0.57749,                0.06171,                 0.0001,                 0.0001,                 0.0001
                    235,                0.79387,                0.49149,                0.11487,                0.62879,                0.48499,                0.50409,                0.31263,                0.55564,                0.57752,                0.06175,                 0.0001,                 0.0001,                 0.0001
                    236,                0.78403,                0.49062,                 0.1129,                0.63205,                0.48476,                0.50363,                 0.3121,                0.55613,                0.57659,                0.06185,                 0.0001,                 0.0001,                 0.0001
                    237,                0.79713,                0.48674,                 0.1177,                0.63219,                0.48439,                0.50348,                0.31238,                0.55609,                0.57671,                0.06202,                 0.0001,                 0.0001,                 0.0001
                    238,                0.79672,                0.48649,                0.11647,                0.63689,                 0.4823,                0.50384,                 0.3123,                0.55637,                 0.5764,                0.06196,                 0.0001,                 0.0001,                 0.0001
                    239,                0.79317,                0.49026,                0.11812,                0.63169,                 0.4825,                0.50302,                0.31195,                0.55658,                0.57653,                0.06201,                 0.0001,                 0.0001,                 0.0001
                    240,                0.78173,                0.49075,                0.11399,                0.63161,                0.48262,                0.50233,                0.31162,                0.55597,                0.57719,                0.06213,                 0.0001,                 0.0001,                 0.0001
                    241,                0.79244,                0.48908,                0.11563,                0.63062,                0.48223,                0.50254,                0.31151,                0.55547,                 0.5772,                0.06211,                 0.0001,                 0.0001,                 0.0001
                    242,                0.79285,                0.48957,                0.11582,                0.62834,                0.48365,                0.50298,                0.31168,                 0.5558,                0.57671,                0.06203,                 0.0001,                 0.0001,                 0.0001
                    243,                0.78391,                0.48901,                0.11256,                0.63068,                0.48404,                0.50295,                0.31207,                0.55573,                 0.5767,                0.06199,                 0.0001,                 0.0001,                 0.0001
                    244,                0.78723,                0.48975,                0.11477,                0.63562,                0.48222,                0.50212,                0.31132,                0.55563,                0.57711,                0.06185,                 0.0001,                 0.0001,                 0.0001
                    245,                0.79662,                0.48584,                0.11859,                0.63411,                0.48197,                0.50234,                0.31136,                0.55566,                0.57719,                0.06175,                 0.0001,                 0.0001,                 0.0001
                    246,                 0.7851,                0.48981,                0.11494,                0.63077,                 0.4833,                0.50166,                0.31106,                0.55536,                0.57761,                0.06177,                 0.0001,                 0.0001,                 0.0001
                    247,                0.79189,                0.48904,                0.11496,                0.63199,                0.48258,                0.50218,                0.31157,                0.55437,                0.57816,                0.06156,                 0.0001,                 0.0001,                 0.0001
                    248,                0.78962,                0.48875,                0.11552,                0.63488,                0.48206,                0.50281,                0.31188,                0.55397,                0.57844,                0.06151,                 0.0001,                 0.0001,                 0.0001
                    249,                0.78891,                0.48887,                 0.1161,                0.63085,                0.48444,                0.50241,                0.31154,                0.55455,                0.57807,                0.06172,                 0.0001,                 0.0001,                 0.0001
                    250,                 0.7728,                0.49027,                0.10956,                0.62955,                0.48336,                0.50248,                0.31165,                0.55403,                0.57809,                0.06162,                 0.0001,                 0.0001,                 0.0001
                    251,                0.78254,                0.48914,                0.11437,                0.63428,                0.48088,                  0.502,                0.31131,                0.55356,                0.57856,                0.06144,                 0.0001,                 0.0001,                 0.0001
                    252,                0.78099,                0.48851,                0.11255,                0.63271,                0.48301,                0.50246,                0.31177,                0.55348,                 0.5788,                0.06142,                 0.0001,                 0.0001,                 0.0001
                    253,                0.78196,                0.48803,                0.11448,                0.63167,                0.48312,                 0.5024,                0.31175,                0.55391,                0.57836,                0.06168,                 0.0001,                 0.0001,                 0.0001
                    254,                0.78903,                0.48712,                0.11518,                0.63098,                0.48412,                0.50321,                 0.3124,                0.55382,                0.57831,                0.06162,                 0.0001,                 0.0001,                 0.0001
                    255,                0.77829,                0.48775,                0.11411,                0.62836,                0.48481,                0.50304,                0.31224,                0.55377,                0.57835,                0.06161,                 0.0001,                 0.0001,                 0.0001
                    256,                0.77977,                0.48976,                0.11036,                0.63192,                0.48463,                0.50295,                0.31264,                0.55339,                0.57869,                0.06156,                 0.0001,                 0.0001,                 0.0001
                    257,                0.78182,                0.48827,                0.11358,                0.62873,                0.48584,                0.50311,                0.31281,                0.55306,                0.57879,                0.06152,                 0.0001,                 0.0001,                 0.0001
                    258,                0.78417,                0.48663,                0.11342,                0.62986,                0.48589,                0.50331,                0.31293,                0.55351,                 0.5779,                0.06167,                 0.0001,                 0.0001,                 0.0001
                    259,                0.78039,                0.48836,                 0.1131,                0.63377,                 0.4853,                0.50274,                0.31263,                0.55335,                0.57821,                0.06166,                 0.0001,                 0.0001,                 0.0001
                    260,                0.78476,                0.48885,                0.11314,                0.63298,                0.48481,                0.50348,                 0.3127,                0.55312,                0.57855,                0.06154,                 0.0001,                 0.0001,                 0.0001
                    261,                0.79477,                0.48685,                0.11833,                0.63251,                0.48569,                0.50305,                0.31281,                0.55357,                0.57882,                0.06177,                 0.0001,                 0.0001,                 0.0001
                    262,                 0.7929,                0.48522,                0.11881,                0.63138,                0.48626,                0.50314,                0.31286,                 0.5541,                0.57844,                0.06184,                 0.0001,                 0.0001,                 0.0001
                    263,                0.77288,                 0.4895,                0.11021,                0.63136,                0.48477,                0.50242,                0.31237,                0.55411,                0.57833,                0.06184,                 0.0001,                 0.0001,                 0.0001
                    264,                0.77914,                0.48833,                0.11216,                0.63238,                0.48503,                0.50277,                0.31246,                0.55413,                0.57866,                0.06191,                 0.0001,                 0.0001,                 0.0001
                    265,                0.78872,                0.48646,                0.11706,                0.63139,                0.48623,                0.50294,                0.31265,                0.55405,                 0.5787,                0.06176,                 0.0001,                 0.0001,                 0.0001
                    266,                0.77978,                0.48773,                0.11493,                0.63317,                0.48341,                0.50226,                0.31241,                0.55402,                0.57854,                0.06189,                 0.0001,                 0.0001,                 0.0001
                    267,                0.77724,                0.48801,                0.11054,                0.63434,                0.48277,                0.50244,                0.31262,                0.55381,                0.57894,                0.06176,                 0.0001,                 0.0001,                 0.0001
                    268,                0.77816,                0.48893,                0.11304,                0.63336,                0.48305,                 0.5022,                0.31226,                0.55408,                 0.5785,                0.06178,                 0.0001,                 0.0001,                 0.0001
                    269,                0.76931,                0.48875,                0.11137,                0.63425,                0.48304,                0.50172,                0.31194,                0.55379,                0.57858,                0.06167,                 0.0001,                 0.0001,                 0.0001
                    270,                0.78059,                0.48376,                0.11284,                0.63288,                0.48244,                0.50171,                0.31177,                0.55355,                0.57867,                0.06165,                 0.0001,                 0.0001,                 0.0001
                    271,                0.77591,                0.48797,                0.11292,                0.63091,                0.48355,                 0.5022,                0.31198,                0.55269,                  0.579,                0.06136,                 0.0001,                 0.0001,                 0.0001
                    272,                 0.7644,                0.48862,                0.10932,                0.63327,                0.48173,                0.50209,                0.31212,                0.55203,                0.57935,                 0.0614,                 0.0001,                 0.0001,                 0.0001
                    273,                0.79431,                0.48305,                0.11707,                0.63145,                0.48322,                0.50303,                0.31289,                0.55224,                0.57907,                0.06157,                 0.0001,                 0.0001,                 0.0001
                    274,                0.78634,                0.48494,                0.11495,                0.63131,                0.48367,                0.50292,                0.31276,                0.55204,                0.57903,                0.06163,                 0.0001,                 0.0001,                 0.0001
                    275,                0.76458,                0.49071,                0.11146,                0.62746,                0.48404,                0.50264,                0.31246,                0.55189,                0.57931,                0.06146,                 0.0001,                 0.0001,                 0.0001
                    276,                0.78052,                0.48454,                 0.1143,                0.63212,                0.48415,                0.50305,                  0.313,                 0.5522,                0.57924,                0.06152,                 0.0001,                 0.0001,                 0.0001
                    277,                0.77326,                0.48575,                0.11311,                0.63389,                0.48601,                  0.504,                0.31351,                0.55207,                 0.5793,                 0.0616,                 0.0001,                 0.0001,                 0.0001
                    278,                0.77703,                0.48645,                0.11287,                0.63205,                0.48602,                0.50367,                 0.3134,                0.55179,                 0.5797,                0.06163,                 0.0001,                 0.0001,                 0.0001
                    279,                0.77585,                 0.4857,                0.11274,                0.63154,                0.48449,                0.50373,                0.31324,                0.55162,                0.57995,                0.06155,                 0.0001,                 0.0001,                 0.0001
                    280,                0.77497,                0.48683,                0.11438,                  0.629,                0.48582,                0.50355,                0.31354,                0.55191,                0.57947,                0.06152,                 0.0001,                 0.0001,                 0.0001
                    281,                0.76656,                0.48833,                0.10908,                0.62836,                0.48478,                0.50307,                0.31292,                0.55213,                 0.5797,                0.06167,                 0.0001,                 0.0001,                 0.0001
                    282,                0.77772,                 0.4857,                0.11344,                0.62918,                0.48578,                0.50258,                0.31259,                0.55156,                0.58011,                0.06134,                 0.0001,                 0.0001,                 0.0001
                    283,                0.77388,                0.48647,                0.11164,                0.62923,                0.48675,                0.50368,                 0.3131,                0.55114,                0.58048,                0.06138,                 0.0001,                 0.0001,                 0.0001
                    284,                0.77376,                0.48607,                0.11531,                0.62585,                0.48681,                0.50272,                0.31259,                0.55133,                0.58059,                0.06129,                 0.0001,                 0.0001,                 0.0001
                    285,                0.76534,                0.48782,                0.10888,                0.62891,                0.48741,                0.50378,                0.31317,                0.55066,                0.58118,                0.06108,                 0.0001,                 0.0001,                 0.0001
                    286,                0.77848,                0.48395,                 0.1141,                0.62907,                0.48685,                0.50379,                0.31336,                  0.551,                0.58101,                0.06096,                 0.0001,                 0.0001,                 0.0001
                    287,                0.76556,                0.48742,                0.10924,                0.62826,                0.48686,                0.50385,                0.31293,                0.55075,                0.58151,                0.06106,                 0.0001,                 0.0001,                 0.0001
                    288,                0.77903,                0.48493,                0.11431,                0.62969,                0.48782,                0.50442,                0.31361,                0.55074,                0.58093,                0.06108,                 0.0001,                 0.0001,                 0.0001
                    289,                0.76892,                0.48694,                0.10981,                0.62995,                0.48794,                0.50499,                0.31349,                0.55037,                0.58116,                0.06116,                 0.0001,                 0.0001,                 0.0001
                    290,                0.76975,                0.48441,                0.11096,                0.63001,                0.48788,                 0.5047,                0.31327,                0.55014,                0.58124,                0.06112,                 0.0001,                 0.0001,                 0.0001
                    291,                0.77194,                0.48489,                0.11185,                0.63034,                0.48936,                 0.5053,                0.31334,                0.54966,                0.58157,                0.06088,                 0.0001,                 0.0001,                 0.0001
                    292,                0.75842,                0.48633,                 0.1075,                0.62912,                0.49112,                0.50534,                0.31357,                0.55008,                 0.5812,                0.06093,                 0.0001,                 0.0001,                 0.0001
                    293,                0.76965,                 0.4847,                0.10959,                0.63004,                0.49109,                0.50611,                0.31436,                0.54985,                0.58151,                  0.061,                 0.0001,                 0.0001,                 0.0001
                    294,                0.77159,                0.48432,                0.11338,                0.63063,                0.49165,                0.50669,                0.31502,                0.54925,                0.58173,                 0.0608,                 0.0001,                 0.0001,                 0.0001
                    295,                 0.7723,                0.48431,                0.11214,                0.63087,                0.49279,                0.50732,                 0.3152,                0.55001,                 0.5811,                 0.0609,                 0.0001,                 0.0001,                 0.0001
                    296,                0.77227,                0.48539,                0.11168,                  0.631,                 0.4932,                0.50735,                0.31527,                0.54964,                0.58124,                0.06076,                 0.0001,                 0.0001,                 0.0001
                    297,                0.77425,                0.48309,                0.11034,                0.63087,                0.49121,                0.50724,                0.31507,                0.54915,                0.58199,                0.06079,                 0.0001,                 0.0001,                 0.0001
                    298,                0.77226,                0.48312,                0.11012,                0.62769,                0.49219,                0.50699,                0.31467,                0.54936,                0.58158,                0.06096,                 0.0001,                 0.0001,                 0.0001
                    299,                 0.7691,                0.48553,                0.11243,                0.62832,                 0.4924,                0.50771,                0.31519,                0.54871,                0.58173,                0.06082,                 0.0001,                 0.0001,                 0.0001
                    300,                0.75921,                 0.4865,                0.10756,                0.62898,                0.49174,                 0.5064,                0.31451,                0.54891,                0.58186,                0.06088,                 0.0001,                 0.0001,                 0.0001
                    301,                0.77321,                0.48209,                0.11323,                0.62999,                0.48871,                 0.5053,                0.31389,                0.54879,                 0.5822,                0.06079,                 0.0001,                 0.0001,                 0.0001
                    302,                0.76841,                0.48521,                0.10831,                0.62875,                0.48827,                0.50522,                0.31345,                0.54814,                0.58276,                0.06067,                 0.0001,                 0.0001,                 0.0001
                    303,                0.77702,                0.47994,                0.11304,                0.62866,                  0.489,                0.50558,                0.31371,                0.54809,                0.58297,                0.06068,                 0.0001,                 0.0001,                 0.0001
                    304,                0.77754,                0.48269,                0.11283,                0.63061,                0.48976,                0.50549,                 0.3136,                0.54837,                 0.5829,                0.06086,                 0.0001,                 0.0001,                 0.0001
                    305,                0.76312,                0.48427,                0.10808,                 0.6286,                0.49003,                 0.5052,                0.31313,                 0.5491,                0.58263,                0.06093,                 0.0001,                 0.0001,                 0.0001
                    306,                0.77152,                0.48486,                0.11194,                0.62816,                0.49006,                0.50555,                 0.3136,                0.54924,                0.58238,                0.06098,                 0.0001,                 0.0001,                 0.0001
                    307,                0.77275,                0.48105,                0.11223,                0.62923,                0.48744,                0.50476,                0.31344,                0.54955,                0.58268,                0.06135,                 0.0001,                 0.0001,                 0.0001
                    308,                 0.7645,                0.48476,                0.10792,                0.62547,                0.48778,                0.50528,                0.31361,                0.54948,                0.58232,                0.06142,                 0.0001,                 0.0001,                 0.0001
                    309,                0.76208,                0.48521,                0.10867,                0.62909,                0.48773,                0.50631,                0.31427,                0.54918,                0.58274,                0.06111,                 0.0001,                 0.0001,                 0.0001
                    310,                0.76785,                0.48399,                0.11152,                0.62885,                0.48899,                0.50666,                0.31426,                0.54885,                0.58298,                  0.061,                 0.0001,                 0.0001,                 0.0001
                    311,                0.77021,                0.48223,                0.11039,                0.62944,                0.48812,                0.50587,                 0.3137,                0.54878,                0.58328,                0.06105,                 0.0001,                 0.0001,                 0.0001
                    312,                0.77479,                0.48153,                 0.1121,                0.62326,                0.49079,                0.50592,                0.31373,                0.54889,                0.58346,                0.06111,                 0.0001,                 0.0001,                 0.0001
