                  epoch,        train/giou_loss,         train/cls_loss,          train/l1_loss,   metrics/precision(B),      metrics/recall(B),       metrics/mAP50(B),    metrics/mAP50-95(B),          val/giou_loss,           val/cls_loss,            val/l1_loss,                 lr/pg0,                 lr/pg1,                 lr/pg2
                      1,                 2.0347,                0.23584,                0.54852,                0.41447,                0.02465,                0.01211,                0.00253,                 1.6184,                0.38867,                0.32518,                0.05964,               4.04e-05,               4.04e-05
                      2,                 1.7876,                0.34449,                0.41975,                 0.2692,                0.08868,                0.04883,                0.01554,                 1.3077,                0.51521,                0.20992,               0.019231,              8.085e-05,              8.085e-05
                      3,                 1.6007,                0.42473,                0.35596,                0.27639,                0.12802,                0.10705,                0.04842,                  1.105,                0.58804,                0.16852,                 0.0001,                 0.0001,                 0.0001
                      4,                 1.4568,                0.46792,                0.30352,                0.24336,                0.15364,                  0.144,                0.07125,                0.98998,                0.61904,                0.14371,                 0.0001,                 0.0001,                 0.0001
                      5,                 1.3928,                0.47878,                0.28074,                0.30452,                0.17665,                0.16299,                0.08174,                0.96344,                0.60546,                0.13684,                 0.0001,                 0.0001,                 0.0001
                      6,                  1.348,                0.48657,                0.26467,                0.29128,                0.19727,                0.18044,                0.09131,                0.90896,                0.61921,                0.12496,                 0.0001,                 0.0001,                 0.0001
                      7,                 1.3052,                0.49236,                 0.2522,                0.33883,                0.22242,                0.20265,                0.10501,                0.88471,                0.61003,                0.12055,                 0.0001,                 0.0001,                 0.0001
                      8,                 1.2739,                0.49747,                0.24328,                0.33891,                0.24219,                0.22313,                0.11659,                0.86223,                0.61312,                 0.1173,                 0.0001,                 0.0001,                 0.0001
                      9,                 1.2564,                0.49559,                0.23464,                0.36611,                0.24695,                0.23814,                0.12557,                0.84066,                0.61511,                 0.1097,                 0.0001,                 0.0001,                 0.0001
                     10,                 1.2324,                0.50301,                0.22825,                0.38375,                0.26192,                0.25131,                0.13428,                0.82577,                0.61534,                0.10657,                 0.0001,                 0.0001,                 0.0001
                     11,                 1.2329,                0.49668,                0.22811,                0.38438,                0.27364,                 0.2576,                0.13823,                0.81135,                0.61302,                0.10477,                 0.0001,                 0.0001,                 0.0001
                     12,                 1.2092,                0.50014,                0.22108,                0.39627,                0.27713,                 0.2679,                0.14497,                0.80131,                0.61117,                0.10126,                 0.0001,                 0.0001,                 0.0001
                     13,                 1.1925,                0.50068,                0.21653,                0.40394,                 0.2896,                0.28071,                0.15349,                0.78583,                0.61165,                0.09869,                 0.0001,                 0.0001,                 0.0001
                     14,                 1.1862,                0.49904,                0.21743,                0.42384,                0.29719,                0.29164,                0.15971,                0.77375,                0.61225,                0.09608,                 0.0001,                 0.0001,                 0.0001
                     15,                 1.1573,                0.50477,                0.20505,                0.43455,                0.29936,                 0.2971,                 0.1629,                0.76763,                0.60901,                 0.0943,                 0.0001,                 0.0001,                 0.0001
                     16,                   1.16,                0.50044,                0.20747,                0.42832,                0.31076,                0.30421,                0.16757,                0.76116,                0.60938,                 0.0923,                 0.0001,                 0.0001,                 0.0001
                     17,                 1.1535,                 0.5008,                0.20742,                0.42734,                0.31071,                 0.3067,                0.17003,                0.75696,                0.60797,                0.09165,                 0.0001,                 0.0001,                 0.0001
                     18,                 1.1349,                0.50271,                0.19772,                0.44003,                 0.3143,                 0.3139,                0.17409,                0.75295,                0.60743,                0.09094,                 0.0001,                 0.0001,                 0.0001
                     19,                 1.1217,                 0.5081,                0.19394,                0.44874,                0.31769,                0.31804,                0.17653,                0.74737,                0.60746,                0.08955,                 0.0001,                 0.0001,                 0.0001
                     20,                 1.1231,                0.50352,                0.19394,                0.44945,                0.32337,                0.32251,                0.17959,                0.74242,                0.60686,                0.08854,                 0.0001,                 0.0001,                 0.0001
                     21,                 1.1124,                0.50509,                0.19499,                0.44902,                0.32517,                0.32538,                0.18193,                0.73876,                0.60643,                0.08789,                 0.0001,                 0.0001,                 0.0001
                     22,                 1.1043,                0.50446,                 0.1909,                0.45583,                0.32548,                0.32793,                0.18386,                0.73612,                0.60535,                0.08712,                 0.0001,                 0.0001,                 0.0001
                     23,                 1.0983,                0.50684,                0.19292,                0.46039,                0.32976,                0.33047,                0.18598,                0.73281,                0.60523,                0.08654,                 0.0001,                 0.0001,                 0.0001
                     24,                 1.0923,                0.50247,                 0.1891,                0.46603,                0.33066,                0.33247,                0.18755,                0.73038,                0.60456,                0.08604,                 0.0001,                 0.0001,                 0.0001
                     25,                 1.0851,                0.50529,                 0.1852,                0.47398,                0.33062,                0.33452,                0.18918,                0.72819,                0.60432,                 0.0855,                 0.0001,                 0.0001,                 0.0001
                     26,                 1.0783,                0.50487,                0.18159,                0.47375,                0.33568,                0.33757,                0.19117,                0.72593,                0.60399,                 0.0851,                 0.0001,                 0.0001,                 0.0001
                     27,                  1.085,                0.50234,                0.18575,                 0.4747,                0.33608,                0.33868,                0.19226,                0.72319,                0.60425,                0.08468,                 0.0001,                 0.0001,                 0.0001
                     28,                  1.074,                0.50503,                0.18051,                0.47758,                0.33832,                0.34126,                0.19366,                0.72086,                0.60368,                0.08419,                 0.0001,                 0.0001,                 0.0001
                     29,                 1.0706,                0.50319,                0.18282,                0.47943,                0.33936,                0.34321,                0.19488,                0.71809,                0.60349,                0.08384,                 0.0001,                 0.0001,                 0.0001
                     30,                 1.0595,                0.50445,                0.17552,                0.48348,                0.34038,                0.34566,                0.19625,                0.71602,                0.60305,                0.08349,                 0.0001,                 0.0001,                 0.0001
                     31,                 1.0471,                0.50676,                0.17269,                0.48568,                 0.3419,                 0.3476,                0.19767,                0.71373,                 0.6023,                  0.083,                 0.0001,                 0.0001,                 0.0001
                     32,                 1.0426,                0.50674,                0.16959,                0.48862,                0.34552,                0.34982,                0.19929,                0.71118,                0.60239,                 0.0826,                 0.0001,                 0.0001,                 0.0001
                     33,                 1.0514,                0.50353,                0.17704,                0.49448,                0.34627,                0.35216,                0.20051,                0.70837,                0.60239,                0.08227,                 0.0001,                 0.0001,                 0.0001
                     34,                 1.0464,                0.50115,                0.17417,                 0.4985,                0.34763,                0.35497,                0.20222,                0.70594,                0.60207,                0.08188,                 0.0001,                 0.0001,                 0.0001
                     35,                 1.0424,                0.50359,                0.17439,                0.50605,                0.34806,                 0.3574,                0.20374,                 0.7042,                  0.601,                 0.0816,                 0.0001,                 0.0001,                 0.0001
                     36,                 1.0348,                0.50176,                0.16921,                0.50904,                 0.3523,                0.36031,                0.20533,                0.70171,                0.60079,                0.08111,                 0.0001,                 0.0001,                 0.0001
                     37,                 1.0399,                0.50199,                0.17541,                 0.5119,                0.35245,                 0.3623,                0.20667,                 0.6991,                0.60079,                 0.0807,                 0.0001,                 0.0001,                 0.0001
                     38,                 1.0271,                0.50511,                0.16642,                0.51151,                0.35548,                0.36498,                0.20857,                0.69651,                0.60074,                0.08017,                 0.0001,                 0.0001,                 0.0001
                     39,                 1.0285,                0.50366,                0.16815,                0.51015,                0.36007,                 0.3675,                0.21004,                0.69455,                0.59978,                 0.0799,                 0.0001,                 0.0001,                 0.0001
                     40,                 1.0133,                0.50506,                0.16432,                0.51232,                0.36155,                0.36988,                0.21174,                0.69241,                0.59942,                0.07929,                 0.0001,                 0.0001,                 0.0001
                     41,                  1.019,                0.50231,                0.16466,                0.51604,                0.36351,                0.37124,                0.21287,                0.69021,                0.59836,                0.07889,                 0.0001,                 0.0001,                 0.0001
                     42,                 1.0146,                0.50292,                0.16284,                0.52209,                0.36352,                  0.373,                0.21416,                0.68875,                0.59779,                0.07865,                 0.0001,                 0.0001,                 0.0001
                     43,                 1.0263,                0.49708,                0.17112,                0.52599,                0.36466,                0.37575,                0.21599,                0.68617,                0.59797,                0.07822,                 0.0001,                 0.0001,                 0.0001
                     44,                 1.0048,                0.50128,                0.15981,                0.52823,                0.36632,                0.37838,                0.21789,                0.68433,                0.59682,                 0.0779,                 0.0001,                 0.0001,                 0.0001
                     45,                 1.0042,                0.50275,                0.16003,                0.52858,                0.36818,                0.38062,                0.21958,                0.68164,                0.59669,                0.07731,                 0.0001,                 0.0001,                 0.0001
                     46,                0.99194,                0.50603,                0.15642,                0.52866,                0.37406,                0.38434,                0.22167,                0.67998,                0.59584,                0.07697,                 0.0001,                 0.0001,                 0.0001
                     47,                  1.001,                0.50164,                0.15905,                0.52911,                 0.3764,                 0.3863,                0.22309,                 0.6772,                0.59574,                0.07642,                 0.0001,                 0.0001,                 0.0001
                     48,                0.99919,                0.50117,                0.15908,                0.53143,                0.37913,                0.38979,                0.22551,                0.67548,                0.59498,                 0.0763,                 0.0001,                 0.0001,                 0.0001
                     49,                 0.9886,                0.50464,                0.15961,                 0.5372,                0.37785,                0.39162,                0.22669,                0.67393,                0.59419,                0.07608,                 0.0001,                 0.0001,                 0.0001
                     50,                0.99399,                0.50156,                0.15992,                 0.5404,                0.38106,                0.39441,                0.22852,                0.67151,                0.59409,                 0.0758,                 0.0001,                 0.0001,                 0.0001
                     51,                 1.0016,                0.49804,                0.15949,                0.54346,                0.38408,                0.39737,                0.23049,                0.66936,                0.59385,                0.07544,                 0.0001,                 0.0001,                 0.0001
                     52,                0.98303,                0.50208,                0.15391,                0.54874,                0.38611,                0.39999,                0.23251,                0.66756,                 0.5934,                0.07515,                 0.0001,                 0.0001,                 0.0001
                     53,                0.97788,                0.50419,                  0.156,                0.55211,                0.38715,                0.40268,                0.23436,                0.66568,                 0.5932,                0.07492,                 0.0001,                 0.0001,                 0.0001
                     54,                0.98643,                0.50129,                0.15524,                  0.554,                0.38999,                0.40515,                0.23589,                0.66368,                0.59295,                0.07454,                 0.0001,                 0.0001,                 0.0001
                     55,                0.97678,                0.50111,                0.15356,                0.55317,                   0.39,                 0.4073,                0.23777,                0.66162,                 0.5928,                0.07424,                 0.0001,                 0.0001,                 0.0001
                     56,                0.97364,                0.50254,                0.15365,                0.55278,                0.39019,                  0.408,                0.23845,                 0.6597,                0.59241,                0.07391,                 0.0001,                 0.0001,                 0.0001
                     57,                0.98588,                0.49834,                0.15702,                0.55253,                0.39197,                0.40956,                0.23977,                0.65847,                0.59176,                0.07357,                 0.0001,                 0.0001,                 0.0001
                     58,                0.97925,                 0.4984,                0.15776,                0.55762,                0.39178,                0.41219,                0.24166,                0.65685,                0.59162,                0.07338,                 0.0001,                 0.0001,                 0.0001
                     59,                 0.9734,                0.49935,                0.15529,                0.55997,                0.39458,                0.41421,                0.24303,                 0.6549,                0.59137,                0.07322,                 0.0001,                 0.0001,                 0.0001
                     60,                0.96096,                0.50288,                0.14886,                0.55969,                0.39529,                0.41447,                0.24381,                0.65333,                0.59094,                0.07316,                 0.0001,                 0.0001,                 0.0001
                     61,                 0.9537,                0.50336,                0.14779,                0.56352,                0.39645,                0.41602,                0.24511,                0.65161,                0.59034,                0.07282,                 0.0001,                 0.0001,                 0.0001
                     62,                0.96707,                0.49968,                0.15148,                0.56648,                0.39759,                0.41802,                0.24644,                0.64914,                0.59072,                0.07235,                 0.0001,                 0.0001,                 0.0001
                     63,                0.97006,                0.49643,                0.15444,                0.56528,                0.40045,                0.42106,                 0.2482,                0.64691,                0.59058,                0.07203,                 0.0001,                 0.0001,                 0.0001
                     64,                0.95649,                 0.5028,                0.15018,                0.56503,                0.40164,                0.42295,                0.24948,                0.64533,                0.59044,                0.07163,                 0.0001,                 0.0001,                 0.0001
                     65,                0.94741,                0.50136,                0.14764,                0.56988,                0.40286,                0.42524,                0.25115,                0.64387,                0.59013,                0.07145,                 0.0001,                 0.0001,                 0.0001
                     66,                0.95337,                0.50116,                0.14967,                 0.5672,                0.40927,                 0.4275,                0.25331,                0.64256,                0.58969,                0.07145,                 0.0001,                 0.0001,                 0.0001
                     67,                 0.9538,                0.50145,                0.14556,                0.57246,                0.41092,                0.43082,                0.25532,                 0.6415,                0.58937,                0.07136,                 0.0001,                 0.0001,                 0.0001
                     68,                0.94515,                 0.5018,                0.14653,                  0.576,                0.40907,                0.43131,                0.25609,                0.64007,                 0.5892,                0.07118,                 0.0001,                 0.0001,                 0.0001
                     69,                0.94614,                0.50077,                  0.144,                0.57598,                 0.4133,                0.43395,                0.25786,                0.63895,                0.58879,                0.07096,                 0.0001,                 0.0001,                 0.0001
                     70,                0.94808,                0.50146,                  0.147,                0.58071,                0.41415,                0.43541,                0.25877,                0.63733,                0.58865,                0.07077,                 0.0001,                 0.0001,                 0.0001
                     71,                0.94079,                0.50225,                0.14516,                0.58223,                0.41481,                0.43625,                0.25945,                0.63674,                0.58826,                0.07059,                 0.0001,                 0.0001,                 0.0001
                     72,                0.94101,                0.50171,                0.14196,                0.58539,                 0.4128,                0.43765,                0.25979,                0.63539,                0.58793,                0.07036,                 0.0001,                 0.0001,                 0.0001
                     73,                0.93938,                0.50054,                0.14682,                0.58745,                0.41155,                  0.438,                0.26022,                0.63444,                0.58748,                0.07011,                 0.0001,                 0.0001,                 0.0001
                     74,                0.94379,                0.49657,                0.14665,                0.58357,                0.41507,                0.43908,                0.26081,                0.63343,                0.58731,                0.06999,                 0.0001,                 0.0001,                 0.0001
                     75,                0.93928,                0.50059,                0.14316,                0.58665,                0.41567,                0.44048,                0.26155,                0.63246,                0.58724,                0.06975,                 0.0001,                 0.0001,                 0.0001
                     76,                0.94423,                0.49858,                0.14822,                0.58869,                0.41724,                0.44106,                0.26216,                 0.6314,                0.58667,                0.06955,                 0.0001,                 0.0001,                 0.0001
                     77,                0.93888,                 0.4976,                0.14379,                0.58357,                 0.4193,                0.44151,                0.26271,                0.63074,                 0.5863,                0.06953,                 0.0001,                 0.0001,                 0.0001
                     78,                0.93487,                0.49908,                0.14357,                0.58864,                0.41987,                0.44325,                0.26415,                 0.6297,                0.58587,                0.06942,                 0.0001,                 0.0001,                 0.0001
                     79,                0.93068,                0.50025,                0.14331,                0.58873,                 0.4191,                0.44378,                 0.2643,                0.62902,                0.58577,                0.06923,                 0.0001,                 0.0001,                 0.0001
                     80,                0.93635,                0.49677,                0.14586,                0.58676,                0.42146,                0.44511,                 0.2654,                0.62827,                0.58546,                0.06914,                 0.0001,                 0.0001,                 0.0001
                     81,                0.93075,                0.49723,                0.14406,                0.58775,                0.42406,                0.44649,                0.26642,                0.62719,                0.58516,                0.06906,                 0.0001,                 0.0001,                 0.0001
                     82,                0.92063,                0.50046,                0.14109,                0.59018,                0.42542,                0.44767,                 0.2673,                0.62645,                 0.5845,                0.06893,                 0.0001,                 0.0001,                 0.0001
                     83,                0.92697,                0.49873,                0.14401,                0.59668,                0.42639,                0.44935,                0.26899,                0.62505,                0.58415,                0.06872,                 0.0001,                 0.0001,                 0.0001
                     84,                0.91617,                0.50013,                0.13742,                0.59668,                0.42811,                0.45037,                0.26947,                0.62437,                  0.584,                0.06863,                 0.0001,                 0.0001,                 0.0001
                     85,                0.91934,                0.49907,                0.13856,                0.59481,                0.43043,                0.45086,                0.27054,                0.62328,                0.58408,                0.06826,                 0.0001,                 0.0001,                 0.0001
                     86,                0.91509,                0.49942,                0.13732,                0.59134,                0.43054,                  0.451,                 0.2706,                0.62261,                0.58384,                0.06831,                 0.0001,                 0.0001,                 0.0001
                     87,                0.92085,                0.49842,                0.13978,                0.59234,                0.43095,                0.45258,                0.27155,                 0.6216,                0.58373,                0.06807,                 0.0001,                 0.0001,                 0.0001
                     88,                0.91474,                 0.4985,                0.13909,                0.59095,                0.43145,                0.45406,                0.27252,                 0.6208,                 0.5834,                 0.0678,                 0.0001,                 0.0001,                 0.0001
                     89,                0.92281,                0.49659,                 0.1401,                0.59679,                0.43146,                0.45409,                 0.2729,                0.62018,                0.58341,                 0.0678,                 0.0001,                 0.0001,                 0.0001
                     90,                0.91586,                0.50027,                0.13844,                0.60381,                0.42905,                0.45534,                0.27363,                0.61937,                0.58291,                0.06765,                 0.0001,                 0.0001,                 0.0001
                     91,                0.92075,                0.49507,                0.13865,                0.59725,                0.43466,                0.45692,                0.27474,                0.61886,                0.58256,                0.06752,                 0.0001,                 0.0001,                 0.0001
                     92,                0.91159,                0.49869,                0.13498,                0.60468,                0.43059,                0.45721,                0.27513,                 0.6176,                0.58294,                0.06734,                 0.0001,                 0.0001,                 0.0001
                     93,                0.91348,                0.49731,                0.13754,                0.60181,                0.43549,                0.45929,                0.27661,                0.61669,                0.58234,                0.06715,                 0.0001,                 0.0001,                 0.0001
                     94,                0.90441,                0.50044,                0.13811,                 0.5985,                0.43863,                0.45985,                 0.2773,                0.61622,                0.58193,                 0.0671,                 0.0001,                 0.0001,                 0.0001
                     95,                0.91098,                0.49747,                0.13795,                0.60502,                0.43731,                0.46108,                0.27881,                 0.6153,                0.58193,                0.06698,                 0.0001,                 0.0001,                 0.0001
                     96,                0.90248,                0.49976,                0.13589,                 0.6028,                 0.4395,                0.46255,                0.27963,                0.61491,                0.58164,                 0.0669,                 0.0001,                 0.0001,                 0.0001
                     97,                0.91598,                0.49581,                0.14124,                0.60163,                 0.4411,                0.46351,                0.28046,                0.61397,                0.58213,                0.06673,                 0.0001,                 0.0001,                 0.0001
                     98,                0.91192,                0.49637,                0.13933,                0.60505,                0.43953,                0.46466,                 0.2814,                0.61347,                0.58168,                0.06658,                 0.0001,                 0.0001,                 0.0001
                     99,                0.90671,                 0.4978,                0.13489,                0.60707,                0.44243,                0.46554,                0.28173,                0.61312,                0.58149,                0.06649,                 0.0001,                 0.0001,                 0.0001
                    100,                0.90888,                0.49573,                0.13699,                0.60745,                0.44308,                0.46687,                0.28232,                0.61196,                0.58167,                0.06637,                 0.0001,                 0.0001,                 0.0001
                    101,                0.89533,                0.49992,                0.13785,                0.61188,                0.44406,                0.46776,                0.28309,                0.61149,                0.58137,                0.06624,                 0.0001,                 0.0001,                 0.0001
                    102,                0.90383,                0.49662,                0.13678,                0.60812,                0.44553,                0.46785,                0.28309,                0.61144,                0.58095,                0.06627,                 0.0001,                 0.0001,                 0.0001
                    103,                0.90906,                0.49384,                0.13691,                0.60852,                0.44687,                 0.4693,                0.28444,                 0.6106,                0.58106,                0.06635,                 0.0001,                 0.0001,                 0.0001
                    104,                0.90293,                0.49531,                0.13775,                0.60786,                0.44709,                0.46922,                0.28492,                0.60988,                0.58097,                0.06623,                 0.0001,                 0.0001,                 0.0001
                    105,                0.88692,                0.49955,                0.12791,                0.60673,                0.44934,                0.47046,                 0.2858,                0.60929,                0.58056,                0.06612,                 0.0001,                 0.0001,                 0.0001
                    106,                0.89314,                0.49914,                0.13345,                0.60777,                0.44974,                0.47184,                0.28637,                0.60877,                0.58054,                0.06591,                 0.0001,                 0.0001,                 0.0001
                    107,                0.88217,                0.49876,                0.12859,                0.61181,                0.44924,                0.47312,                0.28771,                0.60813,                0.58049,                0.06579,                 0.0001,                 0.0001,                 0.0001
                    108,                0.90553,                0.49451,                0.13442,                0.61033,                0.45138,                0.47434,                0.28843,                0.60804,                 0.5802,                0.06589,                 0.0001,                 0.0001,                 0.0001
                    109,                0.88884,                0.49638,                0.13155,                0.60564,                0.45444,                0.47541,                0.28919,                0.60753,                 0.5799,                0.06601,                 0.0001,                 0.0001,                 0.0001
                    110,                0.89348,                0.49764,                0.13436,                0.60509,                0.45397,                 0.4748,                0.28886,                0.60694,                0.58008,                0.06597,                 0.0001,                 0.0001,                 0.0001
                    111,                0.89591,                 0.4979,                0.13575,                0.60884,                0.45322,                0.47635,                0.28977,                 0.6062,                0.58041,                0.06587,                 0.0001,                 0.0001,                 0.0001
                    112,                0.88809,                0.49854,                0.13302,                0.61339,                0.45046,                0.47618,                   0.29,                0.60633,                0.57993,                 0.0659,                 0.0001,                 0.0001,                 0.0001
                    113,                0.88266,                0.49792,                0.13075,                0.61416,                0.45148,                0.47756,                0.29089,                 0.6057,                0.57991,                0.06589,                 0.0001,                 0.0001,                 0.0001
                    114,                 0.8838,                0.49789,                0.13004,                0.61385,                0.45271,                0.47818,                 0.2913,                0.60524,                 0.5797,                0.06582,                 0.0001,                 0.0001,                 0.0001
                    115,                0.89247,                 0.4948,                0.13508,                0.60793,                0.45679,                0.47943,                0.29212,                0.60454,                0.57962,                0.06561,                 0.0001,                 0.0001,                 0.0001
                    116,                0.87683,                0.49925,                0.12632,                0.60882,                0.45754,                0.47904,                 0.2921,                0.60387,                0.57936,                0.06559,                 0.0001,                 0.0001,                 0.0001
                    117,                0.87828,                0.49801,                0.13072,                0.61273,                0.45613,                0.48017,                0.29279,                0.60301,                0.57959,                0.06538,                 0.0001,                 0.0001,                 0.0001
                    118,                0.88222,                0.49518,                0.13074,                0.61191,                0.45706,                 0.4805,                0.29242,                0.60207,                0.58006,                0.06524,                 0.0001,                 0.0001,                 0.0001
                    119,                0.88488,                0.49502,                0.12997,                0.61339,                0.45894,                0.48103,                0.29299,                0.60122,                0.58022,                0.06497,                 0.0001,                 0.0001,                 0.0001
                    120,                0.87431,                0.49791,                0.12781,                 0.6139,                 0.4581,                0.48129,                0.29335,                0.60033,                0.58081,                0.06472,                 0.0001,                 0.0001,                 0.0001
                    121,                0.88883,                0.49615,                0.13204,                0.61141,                0.46064,                0.48219,                0.29382,                0.59973,                0.58086,                 0.0645,                 0.0001,                 0.0001,                 0.0001
                    122,                0.87619,                0.49701,                0.12918,                0.61246,                0.45982,                0.48189,                0.29396,                0.59959,                 0.5806,                0.06452,                 0.0001,                 0.0001,                 0.0001
                    123,                0.88934,                0.49575,                0.13148,                0.60968,                0.46212,                0.48216,                0.29415,                0.59966,                0.57998,                0.06439,                 0.0001,                 0.0001,                 0.0001
                    124,                0.88897,                0.49199,                0.13254,                0.61331,                0.45937,                0.48175,                0.29414,                0.59944,                0.57973,                0.06447,                 0.0001,                 0.0001,                 0.0001
                    125,                 0.8789,                0.49649,                0.13191,                0.61186,                0.46263,                0.48221,                0.29445,                0.59931,                0.57941,                0.06446,                 0.0001,                 0.0001,                 0.0001
                    126,                0.88713,                0.49389,                0.13487,                0.61472,                 0.4595,                0.48204,                 0.2942,                0.59872,                0.57954,                 0.0643,                 0.0001,                 0.0001,                 0.0001
                    127,                0.86411,                0.49696,                0.12586,                0.61524,                0.46094,                  0.483,                0.29459,                0.59819,                 0.5797,                0.06421,                 0.0001,                 0.0001,                 0.0001
                    128,                0.86844,                0.49729,                0.12471,                0.61614,                0.46114,                0.48348,                0.29496,                0.59823,                0.57916,                0.06413,                 0.0001,                 0.0001,                 0.0001
                    129,                0.88274,                0.49299,                0.12814,                0.61428,                0.46381,                0.48376,                0.29531,                0.59777,                 0.5789,                  0.064,                 0.0001,                 0.0001,                 0.0001
                    130,                0.87057,                0.49687,                0.12519,                 0.6144,                0.46471,                0.48463,                0.29544,                0.59711,                0.57926,                  0.064,                 0.0001,                 0.0001,                 0.0001
                    131,                0.87768,                0.49575,                0.12987,                0.61348,                0.46505,                0.48553,                  0.296,                 0.5967,                0.57921,                0.06401,                 0.0001,                 0.0001,                 0.0001
                    132,                 0.8709,                0.49651,                0.12727,                0.61623,                0.46558,                0.48639,                0.29649,                0.59593,                 0.5792,                0.06377,                 0.0001,                 0.0001,                 0.0001
                    133,                0.86946,                0.49592,                0.12664,                0.61463,                0.46612,                0.48684,                0.29665,                0.59528,                0.57922,                0.06344,                 0.0001,                 0.0001,                 0.0001
                    134,                0.86535,                0.49846,                0.12646,                0.61621,                0.46577,                0.48647,                0.29659,                0.59448,                0.57974,                0.06336,                 0.0001,                 0.0001,                 0.0001
                    135,                0.86994,                0.49607,                0.12719,                0.61442,                0.46835,                  0.487,                0.29711,                0.59397,                0.57996,                0.06324,                 0.0001,                 0.0001,                 0.0001
                    136,                0.86805,                0.49808,                0.12626,                0.61731,                0.46857,                0.48724,                0.29754,                0.59341,                0.58004,                0.06317,                 0.0001,                 0.0001,                 0.0001
                    137,                0.86657,                0.49595,                0.12665,                0.61618,                0.46765,                0.48724,                0.29794,                0.59318,                0.57994,                0.06318,                 0.0001,                 0.0001,                 0.0001
                    138,                0.85964,                0.49646,                 0.1222,                0.61848,                0.46649,                0.48762,                0.29811,                0.59272,                0.58014,                0.06317,                 0.0001,                 0.0001,                 0.0001
                    139,                0.85256,                0.49719,                0.12279,                0.61879,                 0.4672,                0.48815,                0.29858,                0.59221,                0.58037,                 0.0631,                 0.0001,                 0.0001,                 0.0001
                    140,                0.85909,                0.49931,                0.12343,                0.61677,                0.46879,                0.48879,                0.29932,                0.59159,                0.58013,                0.06314,                 0.0001,                 0.0001,                 0.0001
                    141,                  0.861,                0.49483,                0.12808,                0.62194,                0.46734,                0.49033,                0.30005,                0.59126,                0.57964,                0.06313,                 0.0001,                 0.0001,                 0.0001
                    142,                0.85479,                0.49843,                0.12301,                 0.6157,                0.46955,                0.49077,                0.30026,                0.59147,                0.57962,                 0.0631,                 0.0001,                 0.0001,                 0.0001
                    143,                 0.8658,                0.49582,                0.12631,                0.61584,                0.46916,                0.49006,                0.29942,                0.59094,                0.57967,                0.06311,                 0.0001,                 0.0001,                 0.0001
                    144,                0.86572,                0.49347,                0.12551,                0.61315,                0.47078,                0.49125,                0.30005,                0.59014,                0.58011,                0.06294,                 0.0001,                 0.0001,                 0.0001
                    145,                0.84958,                0.49795,                0.12329,                0.61296,                0.47097,                0.49063,                0.29967,                 0.5901,                0.57985,                0.06313,                 0.0001,                 0.0001,                 0.0001
                    146,                0.86011,                0.49571,                0.12523,                 0.6144,                0.47209,                0.49112,                0.29989,                0.58967,                0.57952,                0.06303,                 0.0001,                 0.0001,                 0.0001
                    147,                0.85265,                0.49688,                 0.1232,                0.61425,                0.47277,                0.49092,                0.29991,                0.58953,                0.57963,                0.06304,                 0.0001,                 0.0001,                 0.0001
                    148,                0.86036,                0.49486,                0.12367,                0.61882,                0.47158,                0.49116,                0.30037,                0.58972,                0.57964,                0.06303,                 0.0001,                 0.0001,                 0.0001
                    149,                0.87556,                0.49281,                0.12909,                0.61821,                0.47089,                0.49168,                0.30063,                0.58969,                0.57986,                0.06289,                 0.0001,                 0.0001,                 0.0001
                    150,                0.86018,                0.49646,                0.12385,                0.61641,                0.47266,                0.49188,                 0.3006,                0.58989,                0.57963,                0.06298,                 0.0001,                 0.0001,                 0.0001
                    151,                0.86273,                0.49497,                0.12351,                 0.6153,                0.47146,                0.49118,                0.30003,                0.58899,                0.57974,                0.06281,                 0.0001,                 0.0001,                 0.0001
                    152,                0.86531,                0.49545,                0.12598,                0.61411,                0.47037,                0.49034,                0.29964,                0.58937,                0.57987,                0.06291,                 0.0001,                 0.0001,                 0.0001
                    153,                0.85774,                0.49436,                0.12227,                0.61227,                0.47281,                0.49194,                0.30083,                0.58924,                0.57943,                0.06287,                 0.0001,                 0.0001,                 0.0001
                    154,                  0.857,                0.49672,                0.12364,                0.61333,                0.47348,                0.49213,                0.30112,                0.58913,                0.57956,                0.06294,                 0.0001,                 0.0001,                 0.0001
                    155,                0.86599,                0.49545,                 0.1262,                0.61518,                0.47317,                0.49237,                0.30109,                0.58908,                 0.5795,                0.06311,                 0.0001,                 0.0001,                 0.0001
                    156,                 0.8567,                0.49735,                0.12378,                0.61628,                0.47147,                0.49138,                0.30032,                0.58889,                0.57971,                0.06302,                 0.0001,                 0.0001,                 0.0001
                    157,                0.86584,                0.49369,                0.12464,                0.61531,                0.47309,                0.49218,                0.30079,                0.58893,                0.57975,                0.06299,                 0.0001,                 0.0001,                 0.0001
                    158,                 0.8603,                0.49496,                0.12232,                0.61427,                0.47403,                0.49264,                0.30106,                0.58817,                0.58005,                0.06285,                 0.0001,                 0.0001,                 0.0001
                    159,                0.85594,                0.49568,                0.12221,                0.61579,                0.47227,                0.49229,                0.30106,                0.58754,                0.58009,                0.06275,                 0.0001,                 0.0001,                 0.0001
                    160,                0.86541,                0.49271,                0.12608,                0.61886,                0.47028,                0.49264,                0.30151,                0.58714,                0.58022,                0.06272,                 0.0001,                 0.0001,                 0.0001
                    161,                0.85017,                0.49496,                0.12185,                0.61684,                0.47344,                0.49272,                0.30185,                0.58712,                0.57995,                0.06284,                 0.0001,                 0.0001,                 0.0001
                    162,                0.85876,                 0.4933,                0.12529,                0.62056,                0.47344,                0.49288,                0.30195,                0.58729,                0.57961,                0.06297,                 0.0001,                 0.0001,                 0.0001
                    163,                0.86142,                 0.4933,                 0.1252,                0.62121,                0.47273,                0.49285,                0.30164,                0.58744,                0.57944,                0.06284,                 0.0001,                 0.0001,                 0.0001
                    164,                0.85418,                0.49353,                0.12316,                0.62107,                 0.4736,                0.49312,                0.30189,                0.58711,                 0.5794,                0.06272,                 0.0001,                 0.0001,                 0.0001
                    165,                0.84626,                0.49764,                0.11965,                0.61877,                0.47541,                0.49433,                0.30251,                0.58656,                0.57942,                0.06259,                 0.0001,                 0.0001,                 0.0001
                    166,                0.85131,                0.49449,                0.12076,                 0.6203,                0.47627,                0.49542,                0.30314,                0.58571,                0.58009,                0.06238,                 0.0001,                 0.0001,                 0.0001
                    167,                0.85047,                0.49375,                0.12355,                0.62079,                0.47489,                0.49563,                0.30296,                0.58575,                0.57999,                 0.0625,                 0.0001,                 0.0001,                 0.0001
                    168,                 0.8454,                0.49566,                0.11935,                0.62116,                0.47432,                 0.4961,                0.30356,                0.58546,                0.57963,                0.06266,                 0.0001,                 0.0001,                 0.0001
                    169,                0.84992,                0.49593,                 0.1245,                0.61964,                 0.4766,                0.49698,                0.30445,                0.58512,                0.57965,                0.06259,                 0.0001,                 0.0001,                 0.0001
                    170,                0.84694,                0.49407,                0.12148,                 0.6218,                0.47601,                0.49757,                0.30473,                0.58502,                0.57942,                0.06269,                 0.0001,                 0.0001,                 0.0001
                    171,                0.84559,                 0.4934,                0.12068,                0.62462,                0.47577,                0.49702,                0.30422,                0.58465,                0.57948,                0.06276,                 0.0001,                 0.0001,                 0.0001
                    172,                0.84356,                0.49588,                0.11979,                0.62069,                0.47573,                0.49744,                0.30461,                0.58426,                0.57946,                0.06259,                 0.0001,                 0.0001,                 0.0001
                    173,                0.85515,                 0.4931,                0.12525,                0.62345,                0.47597,                0.49782,                0.30508,                0.58432,                0.57913,                0.06264,                 0.0001,                 0.0001,                 0.0001
                    174,                0.84474,                0.49485,                0.12006,                 0.6259,                0.47625,                0.49875,                0.30592,                0.58443,                0.57915,                0.06254,                 0.0001,                 0.0001,                 0.0001
                    175,                0.84817,                0.49352,                0.12225,                0.62105,                0.47797,                0.49812,                0.30531,                0.58373,                0.57955,                0.06249,                 0.0001,                 0.0001,                 0.0001
                    176,                0.84102,                0.49437,                0.11875,                0.61809,                0.48115,                0.49845,                0.30542,                 0.5834,                0.57934,                0.06251,                 0.0001,                 0.0001,                 0.0001
                    177,                0.83936,                0.49627,                0.11951,                 0.6219,                 0.4794,                0.49891,                0.30604,                0.58268,                0.57951,                0.06231,                 0.0001,                 0.0001,                 0.0001
                    178,                0.83466,                0.49574,                0.11789,                0.62169,                0.47965,                0.49895,                0.30591,                0.58241,                0.57954,                0.06233,                 0.0001,                 0.0001,                 0.0001
                    179,                0.84614,                0.49398,                0.12285,                0.62514,                0.47892,                0.49944,                0.30626,                0.58264,                0.57919,                0.06226,                 0.0001,                 0.0001,                 0.0001
                    180,                 0.8454,                0.49148,                0.12167,                0.62542,                0.48078,                0.49952,                0.30658,                  0.582,                0.57975,                0.06211,                 0.0001,                 0.0001,                 0.0001
                    181,                0.84316,                0.49405,                0.12069,                0.62518,                0.48053,                0.49928,                0.30613,                0.58174,                0.57975,                0.06229,                 0.0001,                 0.0001,                 0.0001
                    182,                0.83899,                0.49222,                0.12088,                0.62718,                 0.4812,                0.50043,                0.30635,                0.58138,                0.57929,                0.06213,                 0.0001,                 0.0001,                 0.0001
                    183,                0.84925,                 0.4917,                0.12456,                0.62822,                0.48142,                0.50023,                0.30657,                0.58104,                0.57934,                0.06214,                 0.0001,                 0.0001,                 0.0001
                    184,                0.83984,                0.49533,                0.11775,                 0.6255,                 0.4809,                0.49908,                0.30608,                0.58066,                0.57951,                0.06209,                 0.0001,                 0.0001,                 0.0001
                    185,                0.84411,                0.49473,                0.12008,                0.62773,                0.47926,                0.49936,                0.30649,                0.58087,                0.57953,                0.06208,                 0.0001,                 0.0001,                 0.0001
                    186,                0.83174,                0.49477,                0.11871,                 0.6282,                0.47974,                0.50031,                 0.3072,                0.58094,                0.57927,                0.06214,                 0.0001,                 0.0001,                 0.0001
                    187,                0.84046,                0.49262,                0.11891,                0.62259,                0.48378,                0.50045,                0.30716,                0.58111,                0.57894,                0.06211,                 0.0001,                 0.0001,                 0.0001
                    188,                0.84104,                0.49186,                0.11918,                0.62132,                0.48326,                0.50071,                0.30718,                 0.5816,                0.57877,                  0.062,                 0.0001,                 0.0001,                 0.0001
                    189,                0.85048,                0.48844,                0.12352,                0.62154,                0.48317,                0.50121,                0.30738,                0.58118,                0.57885,                0.06219,                 0.0001,                 0.0001,                 0.0001
                    190,                0.83713,                0.49156,                0.11771,                0.62629,                0.47965,                0.50045,                0.30701,                0.58085,                0.57899,                0.06212,                 0.0001,                 0.0001,                 0.0001
                    191,                0.83354,                0.49435,                 0.1181,                0.62627,                0.48079,                0.50101,                0.30725,                0.58045,                0.57899,                0.06212,                 0.0001,                 0.0001,                 0.0001
                    192,                0.82636,                0.49504,                0.11523,                0.62524,                0.47987,                0.50063,                0.30732,                0.58029,                0.57945,                0.06209,                 0.0001,                 0.0001,                 0.0001
                    193,                0.83712,                0.49149,                0.11831,                0.62136,                0.48277,                0.50162,                0.30794,                0.57982,                0.57936,                0.06198,                 0.0001,                 0.0001,                 0.0001
                    194,                0.83558,                0.49085,                0.11769,                0.62534,                0.48125,                0.50109,                0.30791,                0.57962,                0.57936,                 0.0619,                 0.0001,                 0.0001,                 0.0001
                    195,                0.82789,                0.49467,                0.11756,                0.62965,                 0.4797,                0.50169,                0.30777,                0.57887,                0.57967,                0.06172,                 0.0001,                 0.0001,                 0.0001
                    196,                0.83466,                0.49241,                0.12016,                0.62773,                0.48121,                0.50203,                0.30801,                 0.5782,                0.57984,                0.06161,                 0.0001,                 0.0001,                 0.0001
                    197,                0.84678,                0.48905,                0.11931,                0.62727,                0.48161,                0.50159,                0.30784,                0.57859,                0.57992,                0.06188,                 0.0001,                 0.0001,                 0.0001
                    198,                0.83119,                0.49205,                0.11666,                0.62746,                0.48168,                  0.502,                0.30803,                0.57825,                 0.5799,                0.06168,                 0.0001,                 0.0001,                 0.0001
                    199,                0.82882,                0.49402,                 0.1186,                0.62677,                 0.4811,                0.50103,                0.30772,                0.57843,                0.57972,                0.06167,                 0.0001,                 0.0001,                 0.0001
                    200,                0.83867,                0.49149,                0.11825,                0.62972,                0.48131,                0.50137,                 0.3077,                0.57776,                0.57991,                0.06144,                 0.0001,                 0.0001,                 0.0001
                    201,                 0.8287,                0.49148,                0.11629,                 0.6324,                0.48042,                0.50174,                0.30791,                0.57747,                0.58026,                0.06136,                 0.0001,                 0.0001,                 0.0001
                    202,                  0.828,                0.49204,                0.11734,                0.63178,                0.48051,                0.50209,                0.30784,                0.57755,                0.58003,                0.06151,                 0.0001,                 0.0001,                 0.0001
                    203,                0.83938,                0.48919,                0.12029,                0.62854,                0.48332,                0.50189,                0.30798,                0.57748,                0.57988,                0.06159,                 0.0001,                 0.0001,                 0.0001
                    204,                0.83965,                0.48804,                0.12146,                0.62782,                0.48193,                0.50217,                0.30824,                0.57797,                0.57947,                0.06155,                 0.0001,                 0.0001,                 0.0001
                    205,                0.83344,                0.49001,                0.11872,                0.62726,                0.48421,                 0.5027,                0.30841,                0.57796,                0.57932,                0.06162,                 0.0001,                 0.0001,                 0.0001
                    206,                0.82514,                0.49172,                0.11492,                0.62728,                0.48546,                0.50293,                0.30894,                0.57788,                0.57958,                0.06158,                 0.0001,                 0.0001,                 0.0001
                    207,                0.81792,                0.49236,                0.11356,                0.62659,                0.48506,                0.50324,                 0.3089,                0.57729,                0.57978,                0.06152,                 0.0001,                 0.0001,                 0.0001
                    208,                0.83383,                0.48914,                0.11831,                 0.6256,                 0.4852,                0.50299,                 0.3086,                0.57672,                0.58011,                0.06155,                 0.0001,                 0.0001,                 0.0001
                    209,                0.83518,                0.48684,                0.12134,                0.62548,                0.48596,                 0.5031,                0.30866,                 0.5768,                0.57967,                 0.0614,                 0.0001,                 0.0001,                 0.0001
                    210,                0.82414,                0.49185,                0.11638,                 0.6233,                 0.4867,                0.50285,                 0.3087,                0.57639,                0.57983,                0.06135,                 0.0001,                 0.0001,                 0.0001
                    211,                0.81919,                0.49026,                0.11609,                0.62187,                0.48602,                 0.5023,                0.30861,                  0.576,                0.58007,                0.06135,                 0.0001,                 0.0001,                 0.0001
                    212,                0.82659,                0.49082,                0.11895,                0.62589,                0.48412,                0.50273,                0.30909,                0.57568,                0.58019,                0.06128,                 0.0001,                 0.0001,                 0.0001
                    213,                0.82659,                0.49078,                0.11531,                0.62472,                0.48373,                0.50262,                0.30878,                0.57559,                0.58006,                0.06132,                 0.0001,                 0.0001,                 0.0001
                    214,                0.82103,                0.49187,                0.11643,                0.62675,                0.48299,                 0.5026,                0.30867,                  0.575,                0.58047,                0.06115,                 0.0001,                 0.0001,                 0.0001
                    215,                 0.8229,                0.48982,                0.11451,                0.62787,                0.48261,                0.50235,                0.30863,                0.57519,                0.58036,                0.06121,                 0.0001,                 0.0001,                 0.0001
                    216,                0.82531,                0.49055,                0.11595,                0.62426,                0.48421,                0.50324,                0.30927,                0.57489,                0.58065,                0.06103,                 0.0001,                 0.0001,                 0.0001
                    217,                0.81918,                0.49326,                0.11616,                0.62533,                0.48224,                0.50274,                0.30903,                0.57477,                 0.5809,                0.06108,                 0.0001,                 0.0001,                 0.0001
                    218,                0.82497,                0.48994,                0.11519,                0.62973,                0.48424,                0.50428,                0.30974,                0.57456,                0.58076,                0.06097,                 0.0001,                 0.0001,                 0.0001
                    219,                 0.8203,                0.48942,                0.11723,                0.62699,                0.48548,                0.50495,                0.30979,                0.57448,                0.58082,                0.06097,                 0.0001,                 0.0001,                 0.0001
                    220,                0.82624,                0.48598,                 0.1176,                0.62668,                0.48443,                0.50463,                0.30934,                0.57436,                0.58071,                0.06109,                 0.0001,                 0.0001,                 0.0001
                    221,                0.82201,                0.49056,                0.11478,                0.62646,                0.48437,                0.50515,                0.30964,                 0.5748,                0.57997,                0.06102,                 0.0001,                 0.0001,                 0.0001
                    222,                0.82816,                0.48761,                0.11913,                0.62798,                0.48554,                0.50506,                 0.3098,                0.57412,                0.58056,                0.06095,                 0.0001,                 0.0001,                 0.0001
                    223,                0.82438,                0.48784,                0.11591,                0.62586,                 0.4851,                0.50507,                0.30949,                 0.5743,                0.58039,                0.06113,                 0.0001,                 0.0001,                 0.0001
                    224,                 0.8211,                0.48818,                0.11609,                0.62708,                0.48485,                0.50496,                0.30974,                0.57488,                0.58017,                0.06142,                 0.0001,                 0.0001,                 0.0001
                    225,                0.81795,                0.49004,                0.11611,                0.62824,                0.48671,                0.50656,                0.31042,                0.57487,                0.58001,                 0.0612,                 0.0001,                 0.0001,                 0.0001
                    226,                0.82659,                0.48653,                0.11795,                0.62898,                0.48694,                 0.5066,                0.31051,                0.57482,                0.57988,                 0.0612,                 0.0001,                 0.0001,                 0.0001
                    227,                 0.8222,                0.48732,                0.11629,                0.62753,                0.48856,                0.50607,                0.31004,                0.57488,                0.57989,                0.06134,                 0.0001,                 0.0001,                 0.0001
                    228,                0.81305,                0.48974,                0.11432,                 0.6303,                0.48833,                0.50688,                0.31028,                0.57475,                0.58013,                0.06122,                 0.0001,                 0.0001,                 0.0001
                    229,                0.82113,                0.48711,                0.11749,                0.63363,                0.48618,                0.50601,                0.30973,                0.57521,                0.57982,                0.06142,                 0.0001,                 0.0001,                 0.0001
                    230,                 0.8104,                0.48854,                 0.1118,                0.63253,                0.48556,                0.50599,                0.30961,                0.57524,                0.57984,                0.06142,                 0.0001,                 0.0001,                 0.0001
                    231,                0.81494,                0.48852,                0.11408,                0.63499,                0.48401,                0.50592,                0.31014,                0.57584,                 0.5793,                0.06157,                 0.0001,                 0.0001,                 0.0001
                    232,                0.81144,                0.48907,                0.11242,                0.63237,                0.48723,                0.50697,                0.31063,                0.57534,                 0.5796,                0.06161,                 0.0001,                 0.0001,                 0.0001
                    233,                0.81972,                0.48807,                0.11461,                0.63764,                0.48531,                0.50687,                0.31047,                0.57608,                0.57945,                0.06164,                 0.0001,                 0.0001,                 0.0001
                    234,                0.81278,                0.48825,                0.11339,                0.63451,                 0.4862,                0.50657,                0.30996,                0.57603,                 0.5795,                0.06137,                 0.0001,                 0.0001,                 0.0001
                    235,                0.82157,                0.48623,                 0.1167,                0.63454,                0.48671,                0.50607,                0.30977,                0.57577,                0.57928,                 0.0614,                 0.0001,                 0.0001,                 0.0001
                    236,                0.81371,                 0.4898,                0.11496,                0.63832,                0.48664,                0.50661,                0.30989,                0.57574,                0.57943,                0.06144,                 0.0001,                 0.0001,                 0.0001
                    237,                0.81762,                0.48619,                0.11247,                0.63397,                0.48811,                 0.5066,                0.30973,                0.57533,                0.57994,                0.06156,                 0.0001,                 0.0001,                 0.0001
                    238,                0.81258,                0.48811,                0.11254,                0.63143,                0.49026,                0.50711,                0.31045,                0.57569,                0.57948,                0.06145,                 0.0001,                 0.0001,                 0.0001
                    239,                0.81365,                0.48647,                0.11305,                0.63082,                0.49055,                0.50762,                0.31096,                0.57524,                0.58028,                0.06116,                 0.0001,                 0.0001,                 0.0001
                    240,                0.80769,                0.48935,                  0.115,                0.63152,                0.49005,                 0.5074,                0.31068,                0.57492,                0.58058,                0.06125,                 0.0001,                 0.0001,                 0.0001
                    241,                0.81508,                0.48706,                0.11579,                0.62881,                0.49105,                0.50727,                0.31069,                0.57491,                0.58051,                0.06133,                 0.0001,                 0.0001,                 0.0001
                    242,                0.80452,                0.48872,                0.11322,                0.62753,                0.49026,                0.50747,                0.31069,                0.57484,                0.58048,                0.06134,                 0.0001,                 0.0001,                 0.0001
                    243,                0.81913,                0.48562,                0.11686,                0.62552,                0.49471,                0.50719,                0.31061,                0.57434,                0.58106,                0.06126,                 0.0001,                 0.0001,                 0.0001
                    244,                  0.816,                0.48597,                0.11566,                0.62148,                0.49546,                0.50763,                0.31078,                0.57417,                 0.5809,                0.06105,                 0.0001,                 0.0001,                 0.0001
                    245,                0.81327,                0.48753,                0.11317,                0.62501,                0.49564,                0.50754,                0.31087,                0.57424,                0.58092,                0.06124,                 0.0001,                 0.0001,                 0.0001
                    246,                0.81806,                 0.4847,                0.11478,                0.62665,                0.49384,                0.50792,                0.31109,                0.57413,                0.58092,                0.06126,                 0.0001,                 0.0001,                 0.0001
                    247,                0.80527,                0.48771,                0.11603,                0.62621,                0.49482,                0.50832,                0.31122,                0.57394,                0.58106,                0.06121,                 0.0001,                 0.0001,                 0.0001
                    248,                0.81286,                 0.4863,                0.11619,                0.62674,                0.49291,                0.50838,                 0.3111,                0.57381,                0.58108,                0.06099,                 0.0001,                 0.0001,                 0.0001
                    249,                0.81863,                0.48415,                0.11418,                0.63321,                0.49001,                0.50856,                0.31098,                0.57355,                 0.5814,                0.06096,                 0.0001,                 0.0001,                 0.0001
                    250,                0.81449,                0.48459,                0.11617,                 0.6323,                0.49151,                0.50845,                 0.3106,                0.57316,                0.58199,                0.06112,                 0.0001,                 0.0001,                 0.0001
                    251,                0.79899,                0.48813,                0.10863,                0.63543,                 0.4891,                0.50838,                0.31091,                0.57304,                0.58185,                0.06093,                 0.0001,                 0.0001,                 0.0001
                    252,                0.80659,                0.48746,                0.11348,                0.63342,                0.49191,                0.50914,                0.31123,                0.57329,                0.58162,                0.06102,                 0.0001,                 0.0001,                 0.0001
                    253,                0.79805,                0.48639,                0.10853,                0.62986,                0.49221,                0.50889,                0.31119,                0.57384,                0.58139,                0.06119,                 0.0001,                 0.0001,                 0.0001
                    254,                0.82207,                 0.4826,                 0.1158,                0.63109,                0.49067,                0.50829,                0.31091,                0.57365,                 0.5813,                0.06115,                 0.0001,                 0.0001,                 0.0001
                    255,                0.80261,                0.48567,                 0.1109,                0.63096,                0.49129,                 0.5093,                0.31147,                0.57436,                0.58116,                0.06135,                 0.0001,                 0.0001,                 0.0001
                    256,                0.80849,                 0.4867,                0.11285,                0.62984,                0.49227,                0.50979,                0.31189,                0.57461,                0.58114,                0.06137,                 0.0001,                 0.0001,                 0.0001
                    257,                0.80905,                0.48704,                0.11516,                0.62741,                 0.4925,                0.50926,                0.31173,                0.57432,                0.58147,                0.06132,                 0.0001,                 0.0001,                 0.0001
                    258,                0.80505,                0.48688,                0.11337,                0.63047,                0.49189,                0.50922,                  0.312,                0.57405,                0.58173,                0.06131,                 0.0001,                 0.0001,                 0.0001
                    259,                0.79846,                0.48884,                0.11142,                0.62697,                 0.4948,                 0.5101,                0.31267,                0.57375,                0.58181,                0.06128,                 0.0001,                 0.0001,                 0.0001
                    260,                0.80152,                0.48653,                 0.1108,                0.62639,                0.49577,                0.50986,                0.31286,                0.57316,                0.58186,                0.06125,                 0.0001,                 0.0001,                 0.0001
                    261,                0.81239,                0.48395,                0.11561,                 0.6288,                0.49469,                 0.5099,                0.31327,                0.57308,                 0.5821,                0.06134,                 0.0001,                 0.0001,                 0.0001
                    262,                0.79555,                 0.4878,                0.10753,                0.62946,                0.49449,                0.51063,                0.31394,                0.57281,                0.58247,                0.06134,                 0.0001,                 0.0001,                 0.0001
                    263,                0.80022,                0.48597,                0.11156,                0.62844,                0.49463,                0.51054,                0.31412,                0.57293,                0.58235,                0.06123,                 0.0001,                 0.0001,                 0.0001
                    264,                0.80097,                0.48448,                0.11153,                0.62706,                  0.494,                0.50991,                0.31354,                0.57299,                0.58264,                0.06117,                 0.0001,                 0.0001,                 0.0001
                    265,                0.80519,                0.48428,                0.11078,                0.62551,                0.49451,                0.51046,                0.31396,                0.57293,                0.58243,                0.06135,                 0.0001,                 0.0001,                 0.0001
                    266,                0.79526,                  0.487,                0.10874,                0.62794,                0.49354,                0.51133,                0.31413,                0.57286,                0.58239,                0.06128,                 0.0001,                 0.0001,                 0.0001
                    267,                0.81514,                0.48562,                0.11343,                0.62885,                0.49313,                0.51112,                0.31387,                0.57182,                0.58306,                0.06101,                 0.0001,                 0.0001,                 0.0001
                    268,                0.80107,                0.48543,                0.11103,                0.62977,                 0.4946,                0.51208,                0.31448,                 0.5721,                0.58276,                0.06091,                 0.0001,                 0.0001,                 0.0001
                    269,                0.81056,                0.48463,                0.11299,                0.63409,                0.49357,                0.51165,                0.31409,                0.57215,                0.58304,                0.06102,                 0.0001,                 0.0001,                 0.0001
                    270,                0.81122,                 0.4821,                0.11342,                0.63384,                0.49477,                0.51192,                0.31439,                0.57229,                0.58305,                0.06106,                 0.0001,                 0.0001,                 0.0001
                    271,                0.80573,                0.48546,                0.11488,                0.63483,                0.49543,                0.51155,                0.31431,                 0.5718,                0.58337,                0.06099,                 0.0001,                 0.0001,                 0.0001
                    272,                0.80911,                0.48421,                0.11639,                0.63528,                0.49487,                0.51192,                0.31433,                0.57171,                0.58383,                  0.061,                 0.0001,                 0.0001,                 0.0001
                    273,                  0.789,                0.48502,                0.10857,                0.63365,                 0.4947,                0.51118,                0.31389,                0.57167,                  0.584,                0.06103,                 0.0001,                 0.0001,                 0.0001
                    274,                0.79394,                0.48556,                0.10805,                0.63676,                0.49463,                0.51097,                0.31407,                0.57181,                0.58367,                0.06121,                 0.0001,                 0.0001,                 0.0001
                    275,                0.80805,                0.48233,                 0.1116,                0.63695,                0.49388,                0.51076,                0.31375,                0.57173,                0.58344,                0.06123,                 0.0001,                 0.0001,                 0.0001
                    276,                0.79999,                 0.4833,                0.10865,                0.63748,                0.49396,                0.51116,                0.31395,                0.57156,                0.58369,                0.06106,                 0.0001,                 0.0001,                 0.0001
                    277,                0.80531,                0.48499,                0.11299,                0.64081,                0.49196,                0.51077,                0.31377,                0.57223,                0.58323,                0.06116,                 0.0001,                 0.0001,                 0.0001
                    278,                0.80103,                0.48463,                 0.1119,                0.63922,                0.49282,                0.51075,                0.31405,                0.57277,                0.58319,                 0.0613,                 0.0001,                 0.0001,                 0.0001
                    279,                0.79845,                0.48443,                0.11042,                0.63917,                0.49358,                0.51118,                0.31448,                0.57271,                0.58319,                0.06125,                 0.0001,                 0.0001,                 0.0001
                    280,                0.79553,                0.48679,                0.11148,                0.63753,                0.49434,                0.51103,                  0.314,                0.57273,                0.58288,                0.06118,                 0.0001,                 0.0001,                 0.0001
                    281,                0.80017,                0.48468,                0.11115,                0.63838,                0.49476,                0.51104,                 0.3142,                0.57245,                0.58299,                0.06129,                 0.0001,                 0.0001,                 0.0001
                    282,                0.80098,                 0.4856,                0.11192,                0.63811,                0.49538,                0.51152,                0.31449,                0.57234,                0.58286,                0.06117,                 0.0001,                 0.0001,                 0.0001
                    283,                0.80039,                0.48355,                 0.1113,                0.63741,                0.49744,                0.51233,                0.31533,                0.57144,                0.58316,                 0.0609,                 0.0001,                 0.0001,                 0.0001
                    284,                0.79283,                0.48402,                 0.1079,                0.63775,                0.49546,                0.51233,                0.31523,                0.57128,                0.58367,                0.06081,                 0.0001,                 0.0001,                 0.0001
                    285,                0.78609,                0.48447,                0.10803,                0.63856,                0.49765,                0.51334,                0.31587,                0.57113,                0.58378,                0.06094,                 0.0001,                 0.0001,                 0.0001
                    286,                0.79416,                0.48685,                0.10886,                0.63709,                0.49827,                0.51367,                0.31632,                0.57128,                 0.5834,                0.06111,                 0.0001,                 0.0001,                 0.0001
                    287,                0.79658,                0.48402,                0.11322,                0.63747,                0.49543,                0.51289,                0.31554,                0.57153,                0.58341,                0.06126,                 0.0001,                 0.0001,                 0.0001
                    288,                0.79242,                0.48619,                0.10916,                0.63617,                0.49429,                0.51297,                 0.3157,                  0.571,                0.58366,                0.06115,                 0.0001,                 0.0001,                 0.0001
                    289,                0.80234,                0.48351,                0.11166,                0.63666,                0.49363,                0.51262,                0.31537,                0.57099,                0.58404,                0.06126,                 0.0001,                 0.0001,                 0.0001
                    290,                0.80249,                0.48173,                0.11239,                0.63683,                0.49469,                0.51258,                0.31516,                0.57138,                0.58383,                0.06145,                 0.0001,                 0.0001,                 0.0001
                    291,                0.78822,                0.48463,                0.10996,                0.63805,                0.49299,                0.51222,                0.31502,                0.57113,                 0.5841,                0.06136,                 0.0001,                 0.0001,                 0.0001
                    292,                0.79704,                0.48354,                0.11122,                0.63694,                0.49548,                0.51307,                 0.3153,                0.57077,                0.58448,                0.06121,                 0.0001,                 0.0001,                 0.0001
                    293,                0.79237,                0.48336,                0.10959,                0.63491,                0.49472,                0.51274,                0.31493,                0.57085,                0.58466,                0.06123,                 0.0001,                 0.0001,                 0.0001
                    294,                 0.7974,                0.48326,                0.11102,                0.63583,                  0.496,                0.51354,                0.31523,                0.57102,                0.58406,                0.06121,                 0.0001,                 0.0001,                 0.0001
                    295,                0.79504,                0.48152,                0.11182,                0.63789,                 0.4935,                0.51351,                0.31557,                0.57149,                0.58389,                0.06141,                 0.0001,                 0.0001,                 0.0001
                    296,                0.78975,                0.48536,                 0.1073,                0.64155,                0.49389,                0.51359,                0.31575,                0.57166,                0.58374,                0.06136,                 0.0001,                 0.0001,                 0.0001
                    297,                0.79462,                0.48341,                0.10973,                0.63639,                0.49564,                0.51285,                 0.3155,                0.57159,                0.58386,                0.06129,                 0.0001,                 0.0001,                 0.0001
                    298,                0.78765,                0.48365,                0.10945,                0.63418,                0.49556,                0.51317,                0.31544,                0.57161,                0.58384,                0.06135,                 0.0001,                 0.0001,                 0.0001
                    299,                0.79588,                0.48074,                0.11077,                0.63481,                0.49695,                0.51334,                0.31548,                0.57206,                0.58346,                0.06154,                 0.0001,                 0.0001,                 0.0001
                    300,                0.79317,                0.48247,                0.10931,                0.63234,                0.49893,                0.51386,                0.31573,                0.57206,                0.58367,                0.06163,                 0.0001,                 0.0001,                 0.0001
                    301,                0.78928,                 0.4833,                0.10721,                0.62746,                0.49988,                0.51418,                 0.3162,                0.57126,                0.58421,                0.06138,                 0.0001,                 0.0001,                 0.0001
                    302,                 0.7968,                0.48138,                 0.1101,                0.62752,                0.49968,                0.51417,                0.31617,                 0.5714,                0.58417,                0.06165,                 0.0001,                 0.0001,                 0.0001
                    303,                0.80908,                0.47781,                0.11486,                0.62792,                0.49902,                0.51451,                0.31583,                0.57163,                0.58382,                0.06167,                 0.0001,                 0.0001,                 0.0001
                    304,                0.78629,                0.48253,                 0.1099,                0.62815,                0.49921,                0.51474,                0.31586,                0.57199,                0.58363,                 0.0617,                 0.0001,                 0.0001,                 0.0001
                    305,                  0.801,                0.48033,                0.11181,                 0.6314,                0.49941,                0.51403,                0.31585,                0.57174,                0.58405,                0.06158,                 0.0001,                 0.0001,                 0.0001
                    306,                0.79249,                0.48154,                0.11081,                0.63031,                0.50014,                0.51404,                0.31563,                0.57133,                0.58434,                0.06155,                 0.0001,                 0.0001,                 0.0001
                    307,                0.79116,                0.48333,                0.11047,                0.62902,                0.50059,                0.51385,                0.31561,                0.57124,                0.58427,                0.06162,                 0.0001,                 0.0001,                 0.0001
                    308,                0.78959,                0.48204,                0.10801,                0.63014,                0.50008,                 0.5134,                0.31559,                0.57106,                 0.5843,                0.06152,                 0.0001,                 0.0001,                 0.0001
                    309,                   0.79,                0.48021,                0.10991,                0.63518,                0.49894,                0.51365,                0.31568,                0.57041,                0.58473,                0.06156,                 0.0001,                 0.0001,                 0.0001
                    310,                0.80056,                0.48078,                0.11112,                0.63281,                 0.4985,                 0.5134,                 0.3155,                 0.5706,                0.58463,                0.06154,                 0.0001,                 0.0001,                 0.0001
                    311,                0.79706,                0.48317,                0.11243,                 0.6377,                0.49813,                0.51275,                0.31508,                0.56997,                0.58501,                0.06137,                 0.0001,                 0.0001,                 0.0001
                    312,                0.79258,                0.48068,                0.10899,                0.63387,                0.49867,                0.51317,                0.31553,                0.56979,                0.58511,                0.06125,                 0.0001,                 0.0001,                 0.0001
                    313,                0.78474,                0.48315,                0.10735,                0.63329,                0.49893,                0.51264,                0.31501,                0.56973,                0.58511,                0.06121,                 0.0001,                 0.0001,                 0.0001
                    314,                0.79633,                0.47882,                0.11305,                0.63249,                0.49911,                0.51278,                0.31525,                0.57009,                0.58482,                 0.0614,                 0.0001,                 0.0001,                 0.0001
                    315,                0.79302,                0.48099,                0.10957,                 0.6332,                0.49899,                0.51273,                0.31531,                0.57032,                0.58529,                0.06143,                 0.0001,                 0.0001,                 0.0001
                    316,                0.78846,                0.48227,                 0.1087,                0.63411,                0.49829,                0.51393,                0.31546,                 0.5703,                 0.5853,                0.06148,                 0.0001,                 0.0001,                 0.0001
                    317,                0.77823,                0.48501,                0.10703,                0.63666,                0.49733,                0.51331,                0.31537,                0.57037,                0.58546,                0.06133,                 0.0001,                 0.0001,                 0.0001
                    318,                0.78694,                0.48263,                0.10864,                0.63728,                0.49585,                0.51343,                0.31531,                0.57011,                0.58562,                 0.0614,                 0.0001,                 0.0001,                 0.0001
                    319,                0.79478,                0.48017,                0.11135,                0.63289,                 0.4975,                 0.5146,                0.31592,                0.56966,                0.58572,                0.06132,                 0.0001,                 0.0001,                 0.0001
                    320,                 0.7928,                0.48062,                0.11011,                 0.6333,                0.49763,                0.51402,                0.31538,                0.57001,                0.58597,                0.06143,                 0.0001,                 0.0001,                 0.0001
                    321,                0.77952,                0.48203,                0.10647,                0.63305,                0.49745,                0.51418,                 0.3157,                0.56996,                0.58599,                 0.0616,                 0.0001,                 0.0001,                 0.0001
                    322,                0.78941,                0.48081,                0.10893,                0.63274,                0.49857,                 0.5141,                0.31553,                0.57007,                0.58578,                0.06139,                 0.0001,                 0.0001,                 0.0001
                    323,                0.79932,                0.47889,                0.11245,                  0.636,                0.49698,                0.51444,                0.31595,                0.57019,                0.58606,                0.06161,                 0.0001,                 0.0001,                 0.0001
                    324,                0.79302,                0.47874,                0.10914,                0.63508,                0.49614,                0.51418,                0.31585,                0.57018,                0.58602,                0.06153,                 0.0001,                 0.0001,                 0.0001
                    325,                0.78355,                0.48129,                0.10642,                  0.636,                0.49632,                0.51454,                0.31638,                0.57013,                 0.5863,                0.06139,                 0.0001,                 0.0001,                 0.0001
                    326,                0.79446,                0.47877,                0.11108,                0.63163,                0.49798,                0.51436,                0.31611,                0.57023,                 0.5865,                0.06148,                 0.0001,                 0.0001,                 0.0001
                    327,                 0.7786,                0.48053,                0.10846,                0.63043,                0.49809,                0.51427,                0.31621,                0.56985,                0.58687,                0.06138,                 0.0001,                 0.0001,                 0.0001
                    328,                0.78477,                0.47941,                0.10887,                0.63234,                0.49902,                0.51407,                0.31591,                0.56949,                0.58723,                0.06103,                 0.0001,                 0.0001,                 0.0001
                    329,                0.78712,                0.48118,                0.10975,                0.63234,                0.50188,                0.51449,                0.31613,                0.56996,                0.58714,                0.06131,                 0.0001,                 0.0001,                 0.0001
                    330,                0.78301,                0.48048,                0.10731,                0.63206,                0.50033,                0.51412,                0.31585,                0.57004,                0.58733,                0.06142,                 0.0001,                 0.0001,                 0.0001
                    331,                0.78076,                0.47933,                0.10664,                 0.6294,                0.50042,                 0.5138,                0.31605,                 0.5701,                0.58716,                0.06131,                 0.0001,                 0.0001,                 0.0001
                    332,                0.78734,                 0.4796,                0.10906,                0.63357,                0.49739,                0.51368,                0.31599,                0.56964,                0.58738,                0.06119,                 0.0001,                 0.0001,                 0.0001
                    333,                0.78049,                0.48178,                0.10924,                0.63758,                0.49631,                0.51408,                0.31624,                0.56904,                0.58784,                0.06114,                 0.0001,                 0.0001,                 0.0001
                    334,                0.78762,                0.47944,                0.10902,                0.63885,                0.49482,                0.51347,                 0.3157,                0.56907,                0.58759,                0.06107,                 0.0001,                 0.0001,                 0.0001
                    335,                0.78368,                0.47954,                0.10758,                0.63865,                0.49283,                0.51267,                0.31538,                0.56894,                0.58785,                0.06113,                 0.0001,                 0.0001,                 0.0001
                    336,                0.78823,                0.47961,                0.10759,                0.63868,                0.49303,                0.51206,                0.31494,                0.56835,                0.58832,                0.06084,                 0.0001,                 0.0001,                 0.0001
                    337,                0.78598,                 0.4779,                0.10561,                0.63809,                 0.4919,                0.51255,                0.31513,                0.56836,                0.58816,                0.06085,                 0.0001,                 0.0001,                 0.0001
                    338,                0.78206,                  0.478,                0.10725,                0.63731,                0.49361,                0.51204,                0.31485,                0.56871,                0.58826,                0.06117,                 0.0001,                 0.0001,                 0.0001
                    339,                0.78988,                0.47769,                0.11057,                0.63576,                0.49498,                0.51197,                0.31487,                 0.5686,                0.58828,                0.06126,                 0.0001,                 0.0001,                 0.0001
                    340,                0.79462,                0.47643,                0.11048,                0.63401,                0.49526,                0.51191,                0.31476,                0.56832,                0.58894,                 0.0613,                 0.0001,                 0.0001,                 0.0001
                    341,                0.78149,                0.48054,                0.10867,                0.63515,                0.49685,                0.51354,                0.31556,                0.56892,                0.58848,                0.06155,                 0.0001,                 0.0001,                 0.0001
                    342,                0.78043,                0.47903,                 0.1084,                0.63797,                0.49658,                0.51436,                0.31611,                0.56948,                0.58812,                0.06173,                 0.0001,                 0.0001,                 0.0001
                    343,                0.78984,                0.47584,                0.10888,                0.63765,                0.49519,                0.51308,                0.31579,                0.56964,                0.58823,                0.06172,                 0.0001,                 0.0001,                 0.0001
                    344,                0.78041,                0.47861,                0.10629,                0.63514,                0.49438,                0.51265,                0.31552,                0.56963,                0.58841,                0.06176,                 0.0001,                 0.0001,                 0.0001
                    345,                0.78105,                0.47797,                0.10909,                0.62885,                0.49845,                0.51263,                0.31589,                0.56918,                0.58908,                0.06153,                 0.0001,                 0.0001,                 0.0001
                    346,                0.78022,                 0.4779,                0.10615,                0.62907,                0.49852,                0.51295,                0.31579,                0.56922,                0.58894,                 0.0616,                 0.0001,                 0.0001,                 0.0001
                    347,                0.78478,                0.47822,                0.10782,                0.62758,                0.49971,                 0.5134,                0.31604,                0.56937,                0.58853,                 0.0616,                 0.0001,                 0.0001,                 0.0001
                    348,                0.78493,                0.47481,                0.10874,                0.62722,                0.50076,                0.51397,                0.31638,                0.56857,                0.58915,                0.06136,                 0.0001,                 0.0001,                 0.0001
                    349,                0.77989,                0.47677,                0.10896,                0.63083,                0.50011,                0.51439,                0.31644,                0.56883,                0.58926,                0.06136,                 0.0001,                 0.0001,                 0.0001
                    350,                0.78228,                0.47646,                0.10894,                0.62947,                0.49972,                0.51414,                0.31644,                0.56923,                0.58927,                 0.0615,                 0.0001,                 0.0001,                 0.0001
                    351,                0.77922,                0.47472,                0.10634,                 0.6363,                0.49737,                0.51456,                0.31663,                0.56983,                0.58881,                0.06168,                 0.0001,                 0.0001,                 0.0001
                    352,                0.77211,                0.47804,                0.10368,                0.63505,                0.49573,                0.51333,                0.31602,                0.57026,                0.58901,                0.06167,                 0.0001,                 0.0001,                 0.0001
                    353,                0.78347,                0.47622,                0.10679,                0.63703,                0.49602,                 0.5138,                0.31621,                0.57016,                0.58908,                0.06172,                 0.0001,                 0.0001,                 0.0001
                    354,                0.78601,                 0.4753,                0.10933,                0.63402,                0.49689,                0.51385,                0.31619,                0.57105,                0.58849,                0.06195,                 0.0001,                 0.0001,                 0.0001
                    355,                0.77289,                0.47874,                  0.105,                0.62784,                0.50016,                0.51476,                0.31657,                0.57129,                0.58842,                0.06207,                 0.0001,                 0.0001,                 0.0001
                    356,                0.77989,                0.47804,                0.10791,                0.62828,                0.49996,                0.51575,                0.31722,                0.57116,                0.58877,                0.06218,                 0.0001,                 0.0001,                 0.0001
                    357,                0.77576,                0.47746,                0.10543,                0.63464,                0.49688,                0.51541,                0.31722,                0.57119,                0.58872,                0.06224,                 0.0001,                 0.0001,                 0.0001
                    358,                0.76851,                0.47976,                0.10282,                0.62859,                0.49963,                0.51469,                 0.3164,                 0.5707,                0.58911,                0.06218,                 0.0001,                 0.0001,                 0.0001
                    359,                0.77675,                0.47839,                0.10728,                0.63417,                 0.4969,                0.51455,                0.31639,                0.57059,                0.58911,                0.06209,                 0.0001,                 0.0001,                 0.0001
                    360,                0.77032,                0.47862,                0.10635,                0.63531,                0.49578,                0.51452,                0.31642,                0.57028,                 0.5894,                0.06209,                 0.0001,                 0.0001,                 0.0001
                    361,                0.77279,                0.47816,                0.10593,                0.63122,                0.49713,                0.51482,                0.31676,                0.56999,                0.58947,                0.06207,                 0.0001,                 0.0001,                 0.0001
                    362,                0.77004,                0.47782,                0.10513,                0.63058,                0.49728,                0.51487,                0.31668,                0.56945,                0.59009,                0.06195,                 0.0001,                 0.0001,                 0.0001
                    363,                0.77305,                0.47701,                0.10472,                0.63458,                0.49573,                0.51459,                0.31646,                0.56914,                0.59043,                0.06181,                 0.0001,                 0.0001,                 0.0001
                    364,                0.77432,                0.47617,                0.10655,                0.63541,                0.49685,                0.51479,                0.31667,                0.56964,                0.59013,                0.06197,                 0.0001,                 0.0001,                 0.0001
                    365,                0.77576,                0.47568,                0.10649,                0.63423,                0.49809,                0.51478,                0.31689,                0.56955,                 0.5903,                0.06212,                 0.0001,                 0.0001,                 0.0001
                    366,                0.78226,                0.47496,                0.10727,                0.63317,                0.49836,                0.51513,                0.31712,                0.56914,                0.59089,                0.06207,                 0.0001,                 0.0001,                 0.0001
                    367,                0.77683,                 0.4767,                 0.1068,                0.62943,                0.50122,                0.51545,                0.31743,                0.56899,                0.59095,                0.06213,                 0.0001,                 0.0001,                 0.0001
                    368,                0.77849,                0.47452,                0.10754,                0.63129,                0.50175,                0.51569,                 0.3179,                0.56899,                  0.591,                0.06204,                 0.0001,                 0.0001,                 0.0001
                    369,                0.78366,                0.47726,                0.10922,                0.62887,                 0.5023,                0.51567,                0.31794,                0.56956,                0.59036,                0.06215,                 0.0001,                 0.0001,                 0.0001
                    370,                0.76992,                0.47607,                0.10625,                0.63069,                0.50215,                0.51591,                0.31805,                0.56964,                 0.5901,                0.06212,                 0.0001,                 0.0001,                 0.0001
                    371,                0.76565,                0.47791,                 0.1022,                 0.6355,                0.49996,                0.51705,                0.31906,                0.56937,                0.59037,                0.06213,                 0.0001,                 0.0001,                 0.0001
                    372,                0.77345,                0.47654,                0.10834,                0.63663,                0.49815,                0.51711,                0.31913,                0.56955,                0.59028,                0.06216,                 0.0001,                 0.0001,                 0.0001
                    373,                0.77693,                0.47469,                0.10632,                 0.6351,                0.49792,                0.51629,                0.31883,                0.56997,                0.59015,                0.06231,                 0.0001,                 0.0001,                 0.0001
                    374,                0.78437,                0.47465,                0.10849,                0.63376,                0.49832,                0.51614,                0.31838,                0.57023,                0.59011,                0.06245,                 0.0001,                 0.0001,                 0.0001
                    375,                 0.7761,                0.47422,                0.10606,                0.62977,                 0.5007,                0.51662,                0.31867,                0.56995,                0.59053,                 0.0624,                 0.0001,                 0.0001,                 0.0001
                    376,                0.77796,                0.47548,                0.10961,                0.63209,                0.50098,                0.51772,                0.31914,                   0.57,                0.59066,                0.06234,                 0.0001,                 0.0001,                 0.0001
                    377,                0.78392,                0.47383,                0.10897,                 0.6304,                0.50237,                0.51671,                0.31876,                0.57047,                0.59033,                0.06239,                 0.0001,                 0.0001,                 0.0001
                    378,                0.77008,                0.47514,                0.10482,                0.63045,                0.50135,                0.51675,                0.31872,                0.57017,                0.59084,                 0.0623,                 0.0001,                 0.0001,                 0.0001
                    379,                0.76855,                0.47654,                0.10443,                0.63377,                0.50116,                0.51698,                0.31867,                0.57048,                0.59045,                0.06223,                 0.0001,                 0.0001,                 0.0001
                    380,                0.77078,                0.47523,                0.10574,                0.63319,                0.50283,                0.51814,                0.31918,                0.57029,                0.59058,                0.06234,                 0.0001,                 0.0001,                 0.0001
                    381,                 0.7708,                0.47501,                0.10414,                0.63344,                0.50193,                0.51729,                0.31908,                0.57022,                0.59101,                0.06236,                 0.0001,                 0.0001,                 0.0001
                    382,                0.76308,                0.47544,                0.10424,                0.63524,                0.50314,                0.51807,                0.31937,                0.57042,                0.59048,                0.06254,                 0.0001,                 0.0001,                 0.0001
                    383,                0.77964,                0.47218,                0.10868,                0.63511,                0.50064,                0.51749,                0.31878,                 0.5708,                 0.5903,                0.06273,                 0.0001,                 0.0001,                 0.0001
                    384,                0.77408,                0.47315,                0.10508,                0.63409,                 0.5041,                0.51734,                0.31883,                0.57067,                0.59046,                 0.0626,                 0.0001,                 0.0001,                 0.0001
                    385,                0.75519,                0.47499,                0.10205,                0.63556,                0.50287,                0.51762,                0.31896,                0.57117,                0.59044,                0.06296,                 0.0001,                 0.0001,                 0.0001
                    386,                0.76518,                0.47331,                0.10413,                 0.6363,                0.49991,                0.51792,                 0.3184,                0.57112,                0.59072,                0.06289,                 0.0001,                 0.0001,                 0.0001
                    387,                 0.7825,                0.47293,                0.10838,                0.63573,                0.50097,                0.51791,                0.31857,                0.57052,                0.59112,                0.06253,                 0.0001,                 0.0001,                 0.0001
                    388,                0.77145,                0.47448,                0.10436,                0.63365,                0.50099,                0.51724,                0.31855,                0.57039,                0.59176,                0.06245,                 0.0001,                 0.0001,                 0.0001
                    389,                0.77141,                0.47502,                0.10374,                0.63209,                0.49891,                0.51627,                0.31786,                 0.5706,                0.59139,                0.06261,                 0.0001,                 0.0001,                 0.0001
                    390,                  0.772,                0.47486,                0.10629,                0.63525,                0.49898,                0.51604,                0.31754,                0.57023,                0.59198,                0.06229,                 0.0001,                 0.0001,                 0.0001
                    391,                0.76771,                0.47222,                0.10274,                0.63578,                0.49942,                  0.516,                 0.3177,                0.57048,                0.59186,                0.06259,                 0.0001,                 0.0001,                 0.0001
                    392,                0.76539,                0.47562,                0.10335,                0.63442,                0.49931,                0.51601,                0.31746,                 0.5708,                 0.5916,                0.06258,                 0.0001,                 0.0001,                 0.0001
                    393,                0.77719,                0.47352,                0.10641,                0.63557,                0.49955,                 0.5166,                0.31775,                0.57008,                0.59197,                0.06244,                 0.0001,                 0.0001,                 0.0001
                    394,                0.76717,                0.47564,                0.10358,                0.63673,                0.49839,                0.51625,                 0.3175,                0.57002,                0.59182,                0.06239,                 0.0001,                 0.0001,                 0.0001
                    395,                0.77701,                0.47219,                0.10582,                0.63426,                 0.5007,                0.51618,                0.31739,                0.57041,                0.59166,                0.06249,                 0.0001,                 0.0001,                 0.0001
                    396,                0.77307,                0.47318,                0.10389,                0.63296,                0.50052,                0.51588,                0.31737,                0.57008,                0.59182,                0.06227,                 0.0001,                 0.0001,                 0.0001
                    397,                0.76678,                0.47525,                0.10333,                0.63377,                0.49948,                0.51548,                0.31694,                0.56996,                0.59197,                0.06229,                 0.0001,                 0.0001,                 0.0001
                    398,                0.77821,                0.47264,                0.10764,                 0.6337,                0.50213,                0.51623,                 0.3173,                0.56947,                0.59251,                0.06215,                 0.0001,                 0.0001,                 0.0001
                    399,                0.76493,                0.47342,                0.10426,                0.63494,                0.50079,                0.51572,                0.31688,                0.56959,                0.59242,                0.06239,                 0.0001,                 0.0001,                 0.0001
                    400,                0.77442,                0.47254,                0.10614,                0.63625,                0.49979,                0.51654,                0.31739,                0.56962,                0.59258,                0.06223,                 0.0001,                 0.0001,                 0.0001
