                  epoch,        train/giou_loss,         train/cls_loss,          train/l1_loss,   metrics/precision(B),      metrics/recall(B),       metrics/mAP50(B),    metrics/mAP50-95(B),          val/giou_loss,           val/cls_loss,            val/l1_loss,                 lr/pg0,                 lr/pg1,                 lr/pg2
                      1,                 2.0406,                 0.2314,                0.55358,                 0.3198,                0.03182,                0.01145,                0.00244,                 1.5523,                0.40412,                 0.3266,                0.05964,               4.04e-05,               4.04e-05
                      2,                 1.7808,                 0.3456,                 0.4133,                0.17194,                0.09115,                0.05308,                0.01842,                 1.2707,                0.53184,                 0.2093,               0.019231,              8.085e-05,              8.085e-05
                      3,                 1.6094,                0.41789,                0.35683,                0.27378,                0.11923,                0.10669,                0.04477,                 1.1348,                0.56796,                0.18393,                 0.0001,                 0.0001,                 0.0001
                      4,                 1.4589,                0.46427,                0.30183,                0.24277,                0.15852,                 0.1386,                0.06843,                 1.0234,                0.60414,                0.15525,                 0.0001,                 0.0001,                 0.0001
                      5,                 1.3916,                0.47673,                0.27654,                0.31309,                0.18239,                0.16465,                0.08398,                0.94698,                0.61393,                0.13427,                 0.0001,                 0.0001,                 0.0001
                      6,                 1.3419,                0.48742,                0.26331,                0.28248,                0.20074,                0.17607,                0.09184,                0.90651,                 0.6211,                 0.1242,                 0.0001,                 0.0001,                 0.0001
                      7,                 1.2959,                 0.4945,                0.24707,                 0.3034,                0.22127,                 0.2004,                0.10398,                0.89505,                0.60622,                0.12371,                 0.0001,                 0.0001,                 0.0001
                      8,                 1.2624,                0.49948,                0.23823,                0.34177,                0.24261,                0.22675,                 0.1213,                0.85129,                0.61044,                0.11403,                 0.0001,                 0.0001,                 0.0001
                      9,                 1.2476,                0.49811,                0.23188,                0.37715,                0.25541,                0.24289,                0.13275,                0.83092,                0.61203,                0.10694,                 0.0001,                 0.0001,                 0.0001
                     10,                 1.2197,                0.50467,                0.22227,                0.37437,                0.27258,                0.25915,                 0.1428,                 0.8119,                0.61388,                0.10248,                 0.0001,                 0.0001,                 0.0001
                     11,                 1.2174,                0.49975,                0.22262,                0.37909,                0.28091,                0.26372,                0.14488,                0.79749,                0.61332,                0.09996,                 0.0001,                 0.0001,                 0.0001
                     12,                 1.1929,                0.50431,                0.21522,                0.40024,                0.28331,                0.27526,                0.15388,                0.78465,                0.61278,                0.09753,                 0.0001,                 0.0001,                 0.0001
                     13,                 1.1774,                0.50432,                0.21145,                0.40885,                 0.2944,                0.28793,                0.16276,                 0.7768,                0.61115,                0.09661,                 0.0001,                 0.0001,                 0.0001
                     14,                 1.1743,                0.50204,                0.21335,                0.41416,                0.30328,                0.29607,                0.16779,                0.76405,                0.61326,                0.09403,                 0.0001,                 0.0001,                 0.0001
                     15,                 1.1424,                0.50775,                 0.2002,                0.41274,                0.31327,                0.30496,                0.17478,                0.75484,                 0.6118,                 0.0925,                 0.0001,                 0.0001,                 0.0001
                     16,                 1.1445,                0.50472,                0.20257,                0.42481,                0.31285,                0.31067,                0.17849,                0.75063,                0.61029,                0.09168,                 0.0001,                 0.0001,                 0.0001
                     17,                 1.1358,                0.50464,                0.20135,                0.42218,                0.32066,                 0.3159,                0.18161,                0.74348,                 0.6099,                0.09007,                 0.0001,                 0.0001,                 0.0001
                     18,                 1.1195,                0.50682,                0.19532,                0.43523,                0.32285,                0.32107,                0.18502,                0.74063,                0.60882,                0.08934,                 0.0001,                 0.0001,                 0.0001
                     19,                 1.1046,                0.51063,                0.18992,                0.44304,                0.32664,                0.32478,                0.18837,                0.73533,                0.60844,                0.08804,                 0.0001,                 0.0001,                 0.0001
                     20,                 1.1057,                0.50815,                0.18851,                0.44188,                0.32946,                0.32883,                0.19133,                0.73113,                0.60721,                 0.0878,                 0.0001,                 0.0001,                 0.0001
                     21,                 1.0942,                0.50967,                0.18997,                0.43717,                0.33347,                0.33168,                0.19348,                0.72635,                0.60744,                0.08638,                 0.0001,                 0.0001,                 0.0001
                     22,                 1.0849,                0.50882,                0.18448,                0.44579,                0.33402,                0.33484,                 0.1955,                0.72204,                0.60794,                 0.0855,                 0.0001,                 0.0001,                 0.0001
                     23,                 1.0805,                   0.51,                0.18733,                0.45085,                0.33598,                0.33675,                 0.1967,                 0.7192,                 0.6074,                0.08491,                 0.0001,                 0.0001,                 0.0001
                     24,                 1.0736,                0.50646,                0.18279,                0.45526,                0.33805,                0.33978,                0.19845,                0.71637,                0.60685,                0.08442,                 0.0001,                 0.0001,                 0.0001
                     25,                 1.0658,                0.50841,                 0.1791,                0.45554,                0.33731,                0.34164,                0.19949,                0.71348,                0.60706,                0.08387,                 0.0001,                 0.0001,                 0.0001
                     26,                 1.0579,                0.50988,                0.17577,                0.45968,                0.33945,                0.34475,                0.20184,                0.71052,                0.60706,                0.08351,                 0.0001,                 0.0001,                 0.0001
                     27,                 1.0663,                0.50483,                0.17909,                0.46433,                0.34216,                0.34818,                0.20409,                0.70781,                0.60646,                0.08312,                 0.0001,                 0.0001,                 0.0001
                     28,                 1.0515,                0.50927,                0.17289,                 0.4683,                0.34266,                0.34996,                0.20579,                0.70557,                0.60595,                0.08275,                 0.0001,                 0.0001,                 0.0001
                     29,                 1.0515,                0.50656,                0.17744,                0.47013,                0.34432,                0.35196,                0.20687,                0.70284,                0.60525,                0.08246,                 0.0001,                 0.0001,                 0.0001
                     30,                 1.0402,                0.50793,                0.16918,                 0.4747,                0.34535,                0.35393,                0.20844,                0.70058,                0.60481,                0.08193,                 0.0001,                 0.0001,                 0.0001
                     31,                 1.0303,                0.50907,                0.16947,                0.47811,                 0.3476,                0.35689,                0.21072,                0.69877,                0.60398,                0.08134,                 0.0001,                 0.0001,                 0.0001
                     32,                 1.0241,                0.50935,                0.16435,                0.47874,                 0.3512,                0.35859,                0.21214,                0.69667,                0.60349,                0.08109,                 0.0001,                 0.0001,                 0.0001
                     33,                 1.0347,                0.50509,                 0.1733,                0.48696,                0.35016,                0.36075,                0.21367,                0.69357,                0.60352,                 0.0805,                 0.0001,                 0.0001,                 0.0001
                     34,                 1.0266,                0.50385,                0.16966,                0.48886,                0.35378,                0.36391,                0.21591,                0.69112,                0.60317,                0.08008,                 0.0001,                 0.0001,                 0.0001
                     35,                 1.0238,                0.50716,                 0.1683,                0.48307,                0.35611,                0.36706,                0.21771,                0.68887,                0.60218,                 0.0797,                 0.0001,                 0.0001,                 0.0001
                     36,                 1.0168,                0.50438,                0.16506,                0.48679,                0.35833,                0.37052,                0.21969,                0.68674,                0.60127,                0.07932,                 0.0001,                 0.0001,                 0.0001
                     37,                 1.0205,                0.50481,                0.16953,                0.49383,                  0.357,                0.37188,                0.22124,                0.68432,                0.60064,                0.07888,                 0.0001,                 0.0001,                 0.0001
                     38,                 1.0087,                0.50738,                0.16146,                0.49994,                0.35665,                0.37422,                0.22306,                0.68241,                 0.5998,                 0.0786,                 0.0001,                 0.0001,                 0.0001
                     39,                 1.0092,                0.50682,                 0.1631,                0.50112,                0.35993,                0.37638,                 0.2243,                0.67984,                0.59992,                0.07822,                 0.0001,                 0.0001,                 0.0001
                     40,                 0.9945,                0.50894,                0.16074,                 0.5053,                0.36068,                0.37973,                0.22629,                0.67736,                0.59926,                0.07778,                 0.0001,                 0.0001,                 0.0001
                     41,                 1.0002,                0.50545,                0.16068,                0.50693,                0.36256,                0.38283,                0.22833,                 0.6754,                0.59858,                0.07778,                 0.0001,                 0.0001,                 0.0001
                     42,                0.99713,                0.50584,                0.15886,                0.50625,                0.36679,                0.38502,                0.22986,                0.67294,                0.59806,                0.07727,                 0.0001,                 0.0001,                 0.0001
                     43,                  1.006,                0.50018,                0.16516,                0.51136,                0.36913,                0.38813,                0.23159,                0.67184,                0.59696,                0.07727,                 0.0001,                 0.0001,                 0.0001
                     44,                0.98745,                0.50428,                0.15644,                0.51082,                0.37161,                0.38918,                0.23244,                0.67024,                0.59601,                0.07704,                 0.0001,                 0.0001,                 0.0001
                     45,                0.98694,                0.50611,                0.15585,                0.51668,                0.37375,                0.39278,                0.23438,                0.66851,                0.59528,                0.07682,                 0.0001,                 0.0001,                 0.0001
                     46,                0.97378,                0.50958,                0.15258,                0.52213,                0.37598,                0.39631,                0.23665,                 0.6669,                 0.5943,                0.07643,                 0.0001,                 0.0001,                 0.0001
                     47,                 0.9822,                0.50442,                0.15523,                0.52692,                0.38065,                0.39954,                0.23873,                0.66455,                0.59395,                0.07605,                 0.0001,                 0.0001,                 0.0001
                     48,                 0.9819,                0.50416,                0.15486,                0.52695,                0.38552,                0.40141,                0.23997,                0.66278,                0.59323,                0.07584,                 0.0001,                 0.0001,                 0.0001
                     49,                0.97025,                0.50772,                0.15458,                0.52462,                0.38749,                0.40259,                0.24072,                0.66131,                0.59284,                0.07547,                 0.0001,                 0.0001,                 0.0001
                     50,                0.97434,                0.50501,                0.15511,                0.52768,                0.38958,                0.40472,                0.24225,                0.65985,                0.59199,                0.07512,                 0.0001,                 0.0001,                 0.0001
                     51,                0.98705,                  0.501,                0.15638,                0.53247,                0.38959,                0.40685,                0.24405,                0.65825,                0.59139,                0.07485,                 0.0001,                 0.0001,                 0.0001
                     52,                0.96594,                0.50582,                0.15079,                0.53644,                0.39042,                0.40859,                0.24525,                0.65649,                0.59101,                0.07465,                 0.0001,                 0.0001,                 0.0001
                     53,                0.96179,                0.50718,                0.15292,                0.53963,                0.39338,                0.41063,                0.24655,                0.65436,                0.59138,                0.07422,                 0.0001,                 0.0001,                 0.0001
                     54,                 0.9707,                0.50453,                0.15092,                0.54441,                0.39573,                0.41342,                0.24841,                0.65332,                0.59087,                 0.0739,                 0.0001,                 0.0001,                 0.0001
                     55,                0.96143,                0.50374,                 0.1495,                0.54347,                0.39796,                0.41437,                0.24912,                0.65128,                0.59057,                0.07373,                 0.0001,                 0.0001,                 0.0001
                     56,                0.95633,                0.50622,                0.14899,                0.54861,                0.39895,                 0.4167,                0.25073,                0.64921,                0.59041,                0.07362,                 0.0001,                 0.0001,                 0.0001
                     57,                0.96919,                0.50126,                0.15257,                 0.5466,                0.40092,                0.41813,                0.25155,                 0.6478,                0.59014,                0.07338,                 0.0001,                 0.0001,                 0.0001
                     58,                0.96276,                0.50228,                  0.153,                0.54681,                0.40087,                0.41892,                0.25209,                0.64633,                0.59007,                0.07278,                 0.0001,                 0.0001,                 0.0001
                     59,                0.95712,                0.50342,                0.15109,                0.54614,                0.40392,                0.42112,                0.25388,                0.64463,                 0.5899,                0.07262,                 0.0001,                 0.0001,                 0.0001
                     60,                0.94452,                0.50584,                0.14462,                0.54956,                0.40571,                0.42309,                0.25493,                0.64341,                0.58913,                 0.0724,                 0.0001,                 0.0001,                 0.0001
                     61,                0.93789,                0.50665,                0.14393,                 0.5512,                0.40626,                0.42528,                0.25629,                0.64216,                0.58875,                0.07233,                 0.0001,                 0.0001,                 0.0001
                     62,                0.95226,                0.50272,                0.14807,                0.55497,                0.40634,                0.42585,                0.25655,                0.64112,                0.58803,                0.07234,                 0.0001,                 0.0001,                 0.0001
                     63,                0.95396,                0.49966,                0.15127,                0.55623,                0.40805,                0.42736,                0.25772,                0.63987,                0.58727,                0.07213,                 0.0001,                 0.0001,                 0.0001
                     64,                0.94031,                0.50674,                0.14541,                0.56198,                0.41056,                0.43029,                0.25985,                0.63849,                0.58732,                0.07209,                 0.0001,                 0.0001,                 0.0001
                     65,                 0.9321,                0.50431,                0.14425,                0.56541,                0.40947,                0.43161,                0.26109,                0.63701,                0.58728,                0.07182,                 0.0001,                 0.0001,                 0.0001
                     66,                0.93937,                0.50434,                0.14681,                0.56474,                0.41208,                0.43261,                0.26214,                0.63578,                0.58715,                0.07146,                 0.0001,                 0.0001,                 0.0001
                     67,                0.93684,                 0.5047,                0.14178,                0.56453,                0.41228,                0.43336,                0.26259,                0.63431,                0.58708,                0.07109,                 0.0001,                 0.0001,                 0.0001
                     68,                 0.9288,                 0.5064,                0.14379,                0.56558,                  0.414,                0.43462,                 0.2638,                0.63232,                0.58762,                0.07086,                 0.0001,                 0.0001,                 0.0001
                     69,                0.93198,                0.50413,                0.14144,                0.56781,                0.41525,                0.43487,                0.26451,                0.63087,                0.58773,                0.07061,                 0.0001,                 0.0001,                 0.0001
                     70,                0.93312,                0.50552,                0.14444,                0.57002,                0.41626,                 0.4368,                0.26538,                0.62961,                0.58748,                0.07029,                 0.0001,                 0.0001,                 0.0001
                     71,                0.92562,                0.50672,                0.14273,                0.56865,                0.41778,                0.43801,                0.26651,                0.62884,                0.58771,                0.07026,                 0.0001,                 0.0001,                 0.0001
                     72,                0.92587,                0.50469,                0.13925,                0.56825,                 0.4184,                0.43868,                0.26662,                0.62719,                0.58763,                 0.0699,                 0.0001,                 0.0001,                 0.0001
                     73,                0.92301,                  0.504,                0.14189,                0.57087,                0.42105,                0.44025,                0.26768,                0.62624,                0.58717,                0.06975,                 0.0001,                 0.0001,                 0.0001
                     74,                 0.9275,                0.50007,                0.14354,                0.57445,                0.42161,                0.44173,                0.26844,                0.62539,                0.58667,                0.06955,                 0.0001,                 0.0001,                 0.0001
                     75,                0.92408,                0.50452,                0.14062,                0.57976,                0.42028,                0.44281,                0.26901,                0.62433,                0.58662,                0.06951,                 0.0001,                 0.0001,                 0.0001
                     76,                0.92991,                0.50106,                0.14542,                0.58189,                0.42286,                 0.4443,                0.27019,                0.62312,                0.58661,                0.06923,                 0.0001,                 0.0001,                 0.0001
                     77,                 0.9234,                0.50243,                0.14025,                0.57869,                0.42603,                0.44541,                0.27092,                0.62179,                0.58639,                0.06906,                 0.0001,                 0.0001,                 0.0001
                     78,                0.92204,                 0.5018,                0.14179,                0.57916,                0.42541,                0.44567,                0.27116,                0.62066,                0.58626,                0.06859,                 0.0001,                 0.0001,                 0.0001
                     79,                 0.9162,                0.50386,                0.13989,                0.58013,                0.42582,                0.44652,                0.27149,                0.61933,                0.58584,                0.06853,                 0.0001,                 0.0001,                 0.0001
                     80,                0.92263,                0.50022,                0.14395,                0.58316,                0.42728,                0.44791,                0.27242,                0.61874,                0.58526,                0.06823,                 0.0001,                 0.0001,                 0.0001
                     81,                0.92013,                0.50092,                0.14236,                0.58265,                0.42969,                0.45056,                0.27405,                0.61813,                0.58509,                0.06795,                 0.0001,                 0.0001,                 0.0001
                     82,                0.91065,                0.50361,                0.13837,                 0.5809,                0.42994,                0.45103,                0.27427,                0.61737,                0.58495,                0.06779,                 0.0001,                 0.0001,                 0.0001
                     83,                0.91609,                0.50191,                0.14102,                0.58189,                0.43208,                0.45188,                0.27503,                0.61643,                0.58466,                0.06768,                 0.0001,                 0.0001,                 0.0001
                     84,                0.90354,                0.50377,                 0.1355,                0.58958,                0.43086,                0.45286,                0.27533,                0.61561,                0.58475,                0.06761,                 0.0001,                 0.0001,                 0.0001
                     85,                0.90741,                0.50229,                0.13577,                0.58681,                0.43271,                0.45375,                0.27603,                0.61514,                 0.5844,                 0.0675,                 0.0001,                 0.0001,                 0.0001
                     86,                0.90088,                0.50353,                0.13369,                0.58793,                0.43382,                  0.455,                0.27684,                 0.6139,                0.58447,                 0.0673,                 0.0001,                 0.0001,                 0.0001
                     87,                0.90861,                0.50334,                0.13671,                0.58882,                0.43443,                0.45594,                0.27758,                0.61286,                0.58463,                  0.067,                 0.0001,                 0.0001,                 0.0001
                     88,                 0.9018,                 0.5024,                0.13564,                0.59157,                0.43391,                0.45546,                0.27696,                 0.6122,                0.58422,                0.06705,                 0.0001,                 0.0001,                 0.0001
                     89,                0.90866,                0.50143,                0.13602,                0.59257,                  0.434,                0.45629,                0.27718,                0.61153,                  0.584,                0.06694,                 0.0001,                 0.0001,                 0.0001
                     90,                0.90449,                0.50436,                0.13585,                0.59285,                0.43576,                0.45689,                 0.2775,                0.61076,                0.58366,                0.06683,                 0.0001,                 0.0001,                 0.0001
                     91,                0.90645,                0.50042,                0.13559,                0.59579,                0.43438,                0.45696,                0.27774,                0.61027,                0.58373,                0.06666,                 0.0001,                 0.0001,                 0.0001
                     92,                0.89598,                0.50388,                0.13203,                0.59241,                0.43554,                0.45849,                 0.2785,                0.60934,                0.58355,                0.06657,                 0.0001,                 0.0001,                 0.0001
                     93,                 0.8985,                0.50227,                  0.133,                0.59394,                0.43764,                0.45907,                0.27867,                0.60874,                0.58339,                0.06629,                 0.0001,                 0.0001,                 0.0001
                     94,                0.89008,                0.50437,                0.13426,                0.59597,                0.43786,                0.46076,                0.28008,                0.60864,                0.58287,                0.06644,                 0.0001,                 0.0001,                 0.0001
                     95,                0.89971,                0.50087,                0.13523,                0.59644,                0.43936,                0.46172,                0.28091,                 0.6076,                0.58287,                0.06648,                 0.0001,                 0.0001,                 0.0001
                     96,                 0.8881,                0.50402,                0.13356,                0.59347,                0.43997,                0.46164,                0.28098,                 0.6067,                0.58294,                0.06625,                 0.0001,                 0.0001,                 0.0001
                     97,                0.90137,                0.49973,                0.13718,                0.59659,                0.43888,                0.46237,                0.28142,                0.60624,                0.58294,                0.06624,                 0.0001,                 0.0001,                 0.0001
                     98,                0.89636,                0.50143,                0.13568,                 0.6017,                0.43732,                0.46295,                0.28172,                0.60499,                0.58351,                0.06603,                 0.0001,                 0.0001,                 0.0001
                     99,                0.89003,                 0.5035,                0.13168,                0.60313,                0.43811,                0.46328,                0.28193,                0.60439,                0.58334,                0.06584,                 0.0001,                 0.0001,                 0.0001
                    100,                0.89302,                0.50088,                0.13425,                0.60103,                 0.4398,                0.46354,                0.28201,                0.60456,                0.58279,                0.06607,                 0.0001,                 0.0001,                 0.0001
                    101,                0.88209,                0.50464,                0.13474,                0.60501,                0.44042,                  0.465,                0.28288,                0.60368,                0.58298,                0.06617,                 0.0001,                 0.0001,                 0.0001
                    102,                0.89066,                0.50248,                0.13367,                0.60078,                0.44191,                0.46509,                0.28311,                0.60293,                0.58319,                0.06604,                 0.0001,                 0.0001,                 0.0001
                    103,                0.89315,                 0.5007,                0.13303,                0.60061,                0.44126,                0.46584,                0.28388,                0.60252,                0.58315,                0.06604,                 0.0001,                 0.0001,                 0.0001
                    104,                0.88764,                0.50097,                0.13389,                0.60029,                0.44427,                0.46674,                0.28488,                0.60151,                0.58334,                0.06599,                 0.0001,                 0.0001,                 0.0001
                    105,                0.87115,                0.50527,                0.12481,                0.60278,                0.44244,                0.46691,                0.28511,                0.60086,                0.58347,                0.06592,                 0.0001,                 0.0001,                 0.0001
                    106,                0.88008,                0.50424,                0.12955,                0.60109,                0.44297,                0.46625,                0.28433,                0.60034,                0.58301,                0.06574,                 0.0001,                 0.0001,                 0.0001
                    107,                0.86915,                0.50391,                0.12639,                0.60423,                0.44422,                 0.4675,                0.28496,                0.59968,                0.58325,                0.06573,                 0.0001,                 0.0001,                 0.0001
                    108,                0.89275,                0.49846,                 0.1315,                0.60394,                0.44565,                0.46781,                0.28517,                0.59896,                 0.5834,                0.06535,                 0.0001,                 0.0001,                 0.0001
                    109,                0.87471,                0.50086,                0.12927,                0.60467,                0.44635,                0.46899,                 0.2859,                 0.5985,                0.58363,                0.06536,                 0.0001,                 0.0001,                 0.0001
                    110,                0.87961,                0.50253,                0.13024,                0.60194,                0.44825,                0.46915,                0.28622,                  0.598,                0.58339,                 0.0654,                 0.0001,                 0.0001,                 0.0001
                    111,                0.88168,                0.50374,                0.13179,                0.60122,                0.44853,                0.46908,                0.28572,                0.59769,                0.58343,                0.06529,                 0.0001,                 0.0001,                 0.0001
                    112,                0.87427,                0.50384,                0.12941,                0.60143,                0.44958,                0.46915,                  0.286,                0.59733,                0.58272,                0.06532,                 0.0001,                 0.0001,                 0.0001
                    113,                0.86857,                  0.504,                0.12811,                0.60059,                0.45161,                0.47036,                 0.2869,                0.59724,                0.58231,                0.06533,                 0.0001,                 0.0001,                 0.0001
                    114,                0.87368,                0.50239,                0.12683,                 0.6021,                0.45194,                0.47154,                0.28788,                0.59656,                0.58252,                0.06528,                 0.0001,                 0.0001,                 0.0001
                    115,                0.87987,                0.49972,                0.13167,                0.60162,                0.45579,                0.47208,                0.28819,                0.59568,                0.58248,                0.06498,                 0.0001,                 0.0001,                 0.0001
                    116,                0.86347,                0.50401,                0.12348,                0.60239,                0.45628,                0.47226,                0.28835,                0.59522,                0.58252,                0.06504,                 0.0001,                 0.0001,                 0.0001
                    117,                0.86328,                0.50325,                0.12642,                0.60492,                0.45658,                0.47273,                 0.2888,                0.59459,                0.58255,                0.06503,                 0.0001,                 0.0001,                 0.0001
                    118,                0.86901,                0.49918,                0.12819,                0.60734,                0.45642,                0.47361,                0.28942,                0.59428,                0.58231,                0.06478,                 0.0001,                 0.0001,                 0.0001
                    119,                0.87083,                0.50123,                0.12578,                0.60582,                0.45891,                0.47487,                0.29077,                0.59382,                0.58179,                0.06468,                 0.0001,                 0.0001,                 0.0001
                    120,                0.86062,                0.50371,                0.12468,                0.60968,                0.45851,                0.47559,                0.29125,                0.59361,                0.58147,                0.06471,                 0.0001,                 0.0001,                 0.0001
                    121,                 0.8733,                0.50321,                 0.1281,                0.60653,                0.45903,                0.47653,                0.29163,                0.59254,                0.58188,                0.06454,                 0.0001,                 0.0001,                 0.0001
                    122,                0.86267,                0.50223,                0.12598,                0.60427,                0.46165,                0.47704,                0.29173,                0.59191,                0.58166,                 0.0645,                 0.0001,                 0.0001,                 0.0001
                    123,                0.87456,                0.50128,                0.12794,                0.60802,                0.45956,                0.47642,                0.29146,                0.59195,                0.58127,                 0.0645,                 0.0001,                 0.0001,                 0.0001
                    124,                0.87167,                0.49803,                0.12836,                0.60545,                0.46316,                0.47781,                 0.2919,                0.59166,                0.58104,                0.06439,                 0.0001,                 0.0001,                 0.0001
                    125,                0.86296,                0.50166,                0.12741,                0.60726,                0.46445,                0.47847,                0.29258,                0.59176,                0.58053,                 0.0644,                 0.0001,                 0.0001,                 0.0001
                    126,                 0.8718,                    0.5,                0.13181,                0.61063,                 0.4621,                0.47853,                0.29269,                0.59098,                0.58064,                0.06431,                 0.0001,                 0.0001,                 0.0001
                    127,                0.84722,                 0.5023,                 0.1217,                0.61196,                0.46311,                0.47892,                0.29308,                 0.5908,                0.58048,                0.06431,                 0.0001,                 0.0001,                 0.0001
                    128,                0.85334,                0.50232,                0.12163,                0.61324,                 0.4652,                0.48013,                0.29418,                0.59109,                0.58009,                0.06413,                 0.0001,                 0.0001,                 0.0001
                    129,                0.86976,                0.49789,                0.12503,                0.61457,                0.46392,                0.48037,                 0.2943,                0.59034,                0.58014,                 0.0639,                 0.0001,                 0.0001,                 0.0001
                    130,                0.85983,                0.50147,                 0.1249,                0.61353,                0.46395,                0.48096,                0.29456,                0.59006,                0.57987,                0.06389,                 0.0001,                 0.0001,                 0.0001
                    131,                0.86403,                0.50008,                0.12742,                 0.6136,                 0.4663,                 0.4819,                0.29513,                0.58899,                0.58065,                0.06384,                 0.0001,                 0.0001,                 0.0001
                    132,                0.86062,                0.49988,                0.12523,                0.61154,                0.46709,                0.48262,                0.29565,                0.58855,                0.58034,                0.06385,                 0.0001,                 0.0001,                 0.0001
                    133,                0.85724,                0.50069,                0.12426,                0.61176,                0.46758,                0.48298,                0.29594,                0.58868,                0.57999,                0.06391,                 0.0001,                 0.0001,                 0.0001
                    134,                0.85453,                0.50432,                0.12442,                0.61048,                0.46733,                0.48315,                0.29591,                0.58829,                0.58035,                 0.0638,                 0.0001,                 0.0001,                 0.0001
                    135,                 0.8567,                0.50104,                0.12407,                0.61224,                0.46853,                0.48465,                0.29709,                0.58756,                0.58064,                0.06362,                 0.0001,                 0.0001,                 0.0001
                    136,                0.85704,                0.50227,                0.12486,                0.61127,                0.46757,                0.48399,                0.29696,                0.58749,                 0.5802,                0.06361,                 0.0001,                 0.0001,                 0.0001
                    137,                0.85509,                0.50072,                0.12578,                0.61224,                0.46529,                0.48377,                0.29667,                0.58628,                0.58094,                0.06323,                 0.0001,                 0.0001,                 0.0001
                    138,                 0.8488,                0.50058,                0.11997,                0.60973,                0.46758,                0.48426,                0.29703,                0.58656,                0.58032,                0.06343,                 0.0001,                 0.0001,                 0.0001
                    139,                0.84206,                0.50192,                0.12049,                0.61347,                0.46819,                0.48493,                0.29773,                0.58629,                0.58026,                0.06358,                 0.0001,                 0.0001,                 0.0001
                    140,                 0.8476,                0.50441,                0.12086,                 0.6138,                0.46771,                0.48507,                0.29768,                0.58594,                0.58028,                0.06352,                 0.0001,                 0.0001,                 0.0001
                    141,                0.84904,                0.49997,                0.12541,                0.61562,                  0.469,                0.48588,                0.29841,                0.58628,                0.58009,                0.06358,                 0.0001,                 0.0001,                 0.0001
                    142,                0.84438,                0.50259,                0.12131,                0.61485,                0.46928,                0.48548,                0.29812,                0.58614,                0.58009,                0.06366,                 0.0001,                 0.0001,                 0.0001
                    143,                  0.853,                0.49963,                 0.1235,                0.61517,                0.46945,                0.48541,                0.29794,                0.58543,                0.58045,                0.06342,                 0.0001,                 0.0001,                 0.0001
                    144,                0.85678,                 0.4994,                0.12441,                0.61733,                 0.4682,                0.48528,                0.29797,                0.58519,                0.58043,                0.06339,                 0.0001,                 0.0001,                 0.0001
                    145,                0.84075,                0.50126,                0.12221,                0.61213,                0.47092,                0.48484,                0.29787,                0.58469,                0.58038,                0.06335,                 0.0001,                 0.0001,                 0.0001
                    146,                0.84804,                0.50021,                0.12302,                 0.6131,                 0.4704,                0.48717,                  0.299,                0.58431,                0.58025,                0.06322,                 0.0001,                 0.0001,                 0.0001
                    147,                0.84641,                0.49984,                0.12166,                0.61104,                0.47126,                0.48652,                0.29915,                0.58449,                0.57988,                0.06316,                 0.0001,                 0.0001,                 0.0001
                    148,                0.84814,                0.49972,                0.12212,                0.61133,                0.47156,                0.48681,                0.29956,                0.58442,                0.57958,                0.06329,                 0.0001,                 0.0001,                 0.0001
                    149,                0.84987,                0.49627,                0.12435,                0.61515,                0.47044,                0.48738,                 0.3002,                0.58385,                0.57992,                0.06338,                 0.0001,                 0.0001,                 0.0001
                    150,                0.84526,                0.50185,                0.12031,                0.61826,                0.46952,                0.48748,                 0.2998,                0.58406,                0.57976,                0.06327,                 0.0001,                 0.0001,                 0.0001
                    151,                0.84692,                0.49857,                0.12159,                0.61742,                0.46922,                0.48736,                 0.2997,                 0.5834,                0.57996,                0.06308,                 0.0001,                 0.0001,                 0.0001
                    152,                0.83811,                0.50074,                0.12096,                0.61779,                 0.4707,                0.48825,                0.30005,                0.58314,                0.57978,                0.06327,                 0.0001,                 0.0001,                 0.0001
                    153,                0.84368,                0.49744,                0.12255,                0.61878,                0.47252,                0.48943,                0.30076,                0.58247,                0.58011,                0.06304,                 0.0001,                 0.0001,                 0.0001
                    154,                0.84274,                0.49931,                0.12152,                0.61618,                0.47163,                0.48957,                0.30106,                 0.5822,                   0.58,                0.06308,                 0.0001,                 0.0001,                 0.0001
                    155,                0.84053,                0.49906,                0.11791,                0.61683,                 0.4716,                0.48955,                0.30081,                0.58184,                0.58008,                0.06302,                 0.0001,                 0.0001,                 0.0001
                    156,                0.84433,                0.49728,                0.12144,                0.61553,                0.47321,                 0.4904,                0.30113,                0.58103,                0.58031,                0.06284,                 0.0001,                 0.0001,                 0.0001
                    157,                0.85648,                0.49292,                 0.1264,                0.61525,                 0.4759,                0.49122,                0.30182,                0.58094,                0.58028,                0.06278,                 0.0001,                 0.0001,                 0.0001
                    158,                0.83627,                0.49912,                0.12128,                0.61783,                0.47567,                0.49109,                0.30169,                 0.5805,                0.57997,                0.06251,                 0.0001,                 0.0001,                 0.0001
                    159,                 0.8462,                 0.4977,                0.12304,                0.61818,                0.47664,                0.49125,                  0.302,                0.58047,                0.57994,                0.06271,                 0.0001,                 0.0001,                 0.0001
                    160,                0.83935,                0.49681,                0.12154,                0.61944,                0.47606,                0.49263,                0.30281,                0.58014,                0.57999,                0.06273,                 0.0001,                 0.0001,                 0.0001
                    161,                0.83751,                0.49919,                0.12061,                 0.6181,                0.47723,                0.49303,                0.30291,                0.58037,                0.57958,                0.06257,                 0.0001,                 0.0001,                 0.0001
                    162,                0.83485,                0.49771,                0.11977,                0.62056,                0.47654,                0.49434,                0.30359,                0.58051,                0.57933,                0.06282,                 0.0001,                 0.0001,                 0.0001
                    163,                0.83353,                0.49635,                0.11864,                 0.6209,                0.47874,                0.49419,                0.30372,                0.58042,                0.57902,                0.06266,                 0.0001,                 0.0001,                 0.0001
                    164,                0.83649,                0.49755,                0.11964,                0.62088,                0.47857,                0.49466,                0.30421,                0.58004,                0.57906,                0.06257,                 0.0001,                 0.0001,                 0.0001
                    165,                0.83381,                0.50038,                0.11997,                0.62292,                0.47913,                0.49524,                0.30496,                0.57966,                0.57919,                 0.0624,                 0.0001,                 0.0001,                 0.0001
                    166,                0.83741,                0.49637,                0.11953,                0.62165,                0.48022,                0.49581,                0.30548,                 0.5793,                0.57934,                0.06249,                 0.0001,                 0.0001,                 0.0001
                    167,                0.82905,                0.49834,                0.11746,                 0.6286,                0.47941,                0.49667,                0.30608,                0.57935,                0.57942,                0.06252,                 0.0001,                 0.0001,                 0.0001
                    168,                0.83813,                0.49495,                0.12215,                0.62822,                0.47918,                0.49694,                0.30652,                0.57875,                0.57926,                 0.0624,                 0.0001,                 0.0001,                 0.0001
                    169,                0.83412,                0.49689,                0.11925,                0.63412,                0.47796,                0.49798,                0.30705,                0.57903,                0.57862,                0.06259,                 0.0001,                 0.0001,                 0.0001
                    170,                0.83329,                0.49772,                0.11864,                0.63541,                0.47679,                  0.498,                0.30742,                0.57868,                0.57882,                0.06252,                 0.0001,                 0.0001,                 0.0001
                    171,                0.82315,                0.50098,                0.11682,                0.63748,                0.47665,                0.49872,                0.30796,                0.57873,                0.57862,                0.06259,                 0.0001,                 0.0001,                 0.0001
                    172,                0.83026,                0.49853,                0.11878,                  0.635,                 0.4763,                0.49726,                0.30727,                 0.5791,                0.57831,                0.06273,                 0.0001,                 0.0001,                 0.0001
                    173,                0.83763,                0.49749,                 0.1204,                0.63581,                0.47559,                0.49693,                0.30715,                0.57907,                0.57852,                0.06255,                 0.0001,                 0.0001,                 0.0001
                    174,                0.83521,                0.49685,                0.11971,                0.63248,                0.47828,                 0.4975,                0.30747,                0.57933,                0.57832,                0.06261,                 0.0001,                 0.0001,                 0.0001
                    175,                0.82299,                0.49951,                0.11603,                0.63231,                0.47881,                0.49807,                0.30789,                0.57866,                 0.5789,                0.06236,                 0.0001,                 0.0001,                 0.0001
                    176,                0.83037,                0.49815,                0.11709,                0.63241,                0.47805,                0.49755,                0.30737,                0.57779,                0.57954,                0.06207,                 0.0001,                 0.0001,                 0.0001
                    177,                 0.8413,                0.49486,                0.12218,                0.63126,                0.47835,                0.49706,                 0.3077,                0.57752,                0.57954,                0.06215,                 0.0001,                 0.0001,                 0.0001
                    178,                0.83252,                0.49381,                 0.1191,                0.62824,                0.47884,                0.49672,                0.30734,                0.57749,                0.57974,                0.06228,                 0.0001,                 0.0001,                 0.0001
                    179,                0.82263,                0.49777,                0.11586,                0.62916,                0.48063,                0.49753,                0.30817,                0.57749,                0.57951,                0.06209,                 0.0001,                 0.0001,                 0.0001
                    180,                0.83582,                0.49563,                0.11989,                0.62978,                0.48016,                0.49826,                0.30865,                0.57696,                0.57927,                 0.0622,                 0.0001,                 0.0001,                 0.0001
                    181,                0.82008,                0.49727,                0.11727,                0.62855,                 0.4817,                0.49898,                0.30928,                0.57724,                0.57906,                 0.0621,                 0.0001,                 0.0001,                 0.0001
                    182,                0.82456,                0.49644,                0.11847,                0.63201,                0.47809,                0.49818,                0.30872,                0.57672,                0.57938,                0.06214,                 0.0001,                 0.0001,                 0.0001
                    183,                0.82605,                0.49783,                0.11701,                0.63031,                0.47838,                0.49738,                0.30835,                0.57629,                0.57945,                0.06204,                 0.0001,                 0.0001,                 0.0001
                    184,                0.82403,                0.49696,                0.11502,                0.63057,                0.47841,                0.49874,                0.30908,                0.57641,                0.57921,                 0.0621,                 0.0001,                 0.0001,                 0.0001
                    185,                0.82065,                0.49676,                0.11573,                0.62613,                0.47975,                0.49857,                0.30897,                 0.5764,                0.57932,                0.06196,                 0.0001,                 0.0001,                 0.0001
                    186,                0.82672,                0.49617,                 0.1178,                0.62611,                0.48097,                0.49868,                0.30898,                0.57603,                0.57923,                0.06198,                 0.0001,                 0.0001,                 0.0001
                    187,                 0.8196,                0.49869,                0.11746,                0.62446,                0.48167,                0.49903,                 0.3092,                0.57589,                0.57947,                0.06211,                 0.0001,                 0.0001,                 0.0001
                    188,                0.82815,                0.49521,                0.11899,                0.62738,                0.47993,                0.49872,                 0.3091,                0.57567,                0.57967,                0.06203,                 0.0001,                 0.0001,                 0.0001
                    189,                0.82438,                0.49539,                0.11699,                0.62824,                0.48186,                 0.4993,                0.30965,                0.57588,                 0.5797,                0.06229,                 0.0001,                 0.0001,                 0.0001
                    190,                 0.8272,                 0.4963,                0.11632,                0.62693,                  0.482,                0.49941,                 0.3099,                0.57537,                0.57977,                0.06211,                 0.0001,                 0.0001,                 0.0001
                    191,                  0.824,                0.49615,                0.11413,                0.62575,                0.48314,                0.49909,                0.30993,                0.57568,                0.57978,                0.06221,                 0.0001,                 0.0001,                 0.0001
                    192,                 0.8202,                0.49557,                 0.1165,                0.62642,                0.48301,                0.49905,                0.30983,                0.57545,                0.57949,                0.06211,                 0.0001,                 0.0001,                 0.0001
                    193,                0.82846,                0.49452,                0.11946,                0.62584,                0.48207,                0.49866,                 0.3098,                0.57515,                0.57958,                0.06207,                 0.0001,                 0.0001,                 0.0001
                    194,                0.83253,                0.49264,                 0.1191,                0.62622,                0.48149,                0.49904,                0.30977,                0.57529,                0.57953,                0.06192,                 0.0001,                 0.0001,                 0.0001
                    195,                0.81817,                0.49824,                0.11679,                0.62414,                0.48254,                0.49985,                0.31031,                 0.5752,                0.57937,                 0.0621,                 0.0001,                 0.0001,                 0.0001
                    196,                 0.8169,                0.49553,                 0.1158,                0.62183,                0.48122,                0.49894,                 0.3098,                0.57495,                0.57952,                0.06198,                 0.0001,                 0.0001,                 0.0001
                    197,                0.82819,                 0.4918,                0.11746,                0.61744,                 0.4813,                 0.4988,                0.30955,                0.57482,                0.57933,                0.06216,                 0.0001,                 0.0001,                 0.0001
                    198,                0.81788,                0.49538,                0.11566,                0.62276,                0.47951,                0.49975,                0.30998,                0.57479,                0.57954,                0.06212,                 0.0001,                 0.0001,                 0.0001
                    199,                0.81974,                0.49452,                0.11751,                0.62165,                0.48063,                0.49955,                0.30958,                0.57477,                0.57958,                0.06211,                 0.0001,                 0.0001,                 0.0001
                    200,                0.81818,                0.49418,                0.11496,                0.62315,                 0.4802,                0.50035,                0.31015,                0.57457,                0.57941,                0.06222,                 0.0001,                 0.0001,                 0.0001
                    201,                0.81955,                0.49473,                0.11465,                0.62292,                0.47788,                0.50006,                0.30985,                0.57434,                0.57949,                0.06222,                 0.0001,                 0.0001,                 0.0001
                    202,                0.82089,                0.49272,                0.11777,                0.62335,                 0.4777,                0.50012,                0.30997,                0.57402,                0.57961,                0.06204,                 0.0001,                 0.0001,                 0.0001
                    203,                0.81653,                0.49434,                 0.1175,                0.62355,                0.47856,                0.50069,                0.31045,                 0.5737,                0.58011,                0.06202,                 0.0001,                 0.0001,                 0.0001
                    204,                0.81707,                0.49369,                0.11702,                0.62423,                0.47991,                0.50118,                0.31064,                0.57363,                0.57921,                 0.0622,                 0.0001,                 0.0001,                 0.0001
                    205,                0.81354,                0.49384,                0.11383,                0.62663,                0.48013,                0.50119,                0.31069,                0.57366,                0.57933,                0.06218,                 0.0001,                 0.0001,                 0.0001
                    206,                0.80648,                0.49484,                0.11196,                0.62648,                0.48302,                0.50206,                0.31101,                0.57345,                0.57962,                0.06208,                 0.0001,                 0.0001,                 0.0001
                    207,                0.81574,                0.49437,                0.11437,                0.62701,                0.48426,                0.50218,                0.31153,                0.57292,                0.57968,                0.06186,                 0.0001,                 0.0001,                 0.0001
                    208,                0.82084,                0.49245,                0.11833,                0.62716,                0.48457,                0.50337,                0.31235,                 0.5729,                0.57932,                0.06199,                 0.0001,                 0.0001,                 0.0001
                    209,                0.80517,                0.49637,                0.11169,                0.62645,                0.48549,                0.50407,                0.31249,                0.57319,                0.57907,                0.06203,                 0.0001,                 0.0001,                 0.0001
                    210,                0.81403,                0.49436,                0.11403,                0.62823,                0.48505,                0.50492,                0.31341,                0.57282,                0.57916,                0.06196,                 0.0001,                 0.0001,                 0.0001
                    211,                0.81041,                0.49541,                0.11338,                0.63256,                0.48485,                0.50601,                0.31394,                0.57226,                0.57932,                0.06202,                 0.0001,                 0.0001,                 0.0001
                    212,                0.80281,                0.49743,                0.11075,                0.63316,                0.48502,                0.50551,                 0.3137,                0.57242,                 0.5792,                0.06208,                 0.0001,                 0.0001,                 0.0001
                    213,                0.81215,                0.49479,                0.11463,                0.63193,                0.48648,                0.50525,                0.31382,                0.57223,                 0.5794,                0.06203,                 0.0001,                 0.0001,                 0.0001
                    214,                0.80603,                0.49487,                0.11324,                0.63398,                0.48412,                0.50438,                0.31339,                0.57142,                0.57978,                0.06182,                 0.0001,                 0.0001,                 0.0001
                    215,                0.80427,                0.49527,                0.11216,                0.63451,                0.48461,                0.50521,                0.31406,                0.57117,                0.58018,                0.06182,                 0.0001,                 0.0001,                 0.0001
                    216,                0.80364,                0.49363,                0.11139,                0.63327,                0.48516,                0.50553,                0.31385,                0.57116,                0.58019,                0.06172,                 0.0001,                 0.0001,                 0.0001
                    217,                 0.8061,                0.49424,                0.11245,                0.63224,                0.48564,                0.50524,                0.31341,                0.57086,                 0.5804,                0.06159,                 0.0001,                 0.0001,                 0.0001
                    218,                0.80658,                0.49345,                0.11319,                0.63179,                0.48452,                0.50496,                0.31327,                0.57054,                0.58063,                 0.0614,                 0.0001,                 0.0001,                 0.0001
                    219,                 0.8075,                 0.4926,                0.11265,                0.63368,                0.48151,                0.50452,                0.31352,                0.57065,                0.58045,                0.06155,                 0.0001,                 0.0001,                 0.0001
                    220,                0.81267,                 0.4921,                0.11411,                0.63469,                0.48181,                0.50441,                0.31317,                0.57039,                0.58085,                0.06158,                 0.0001,                 0.0001,                 0.0001
                    221,                0.81046,                0.49348,                 0.1152,                0.63177,                 0.4833,                0.50512,                0.31388,                0.57042,                0.58072,                0.06155,                 0.0001,                 0.0001,                 0.0001
                    222,                0.80664,                0.49196,                0.11414,                0.63268,                 0.4823,                0.50469,                0.31389,                0.56986,                0.58112,                0.06141,                 0.0001,                 0.0001,                 0.0001
                    223,                0.81052,                0.49493,                0.11474,                0.63215,                 0.4842,                 0.5053,                0.31391,                0.57032,                0.58072,                0.06142,                 0.0001,                 0.0001,                 0.0001
                    224,                0.80063,                0.49284,                0.11286,                0.63193,                 0.4838,                0.50471,                0.31336,                0.57005,                0.58083,                0.06148,                 0.0001,                 0.0001,                 0.0001
                    225,                0.79774,                0.49459,                0.10925,                 0.6288,                0.48554,                0.50491,                0.31377,                 0.5698,                0.58083,                0.06145,                 0.0001,                 0.0001,                 0.0001
                    226,                0.80449,                 0.4929,                0.11507,                0.62858,                0.48706,                0.50469,                0.31384,                0.57001,                0.58037,                0.06145,                 0.0001,                 0.0001,                 0.0001
                    227,                0.80708,                0.49133,                0.11367,                0.62857,                0.48688,                0.50465,                0.31357,                0.56982,                0.58084,                0.06139,                 0.0001,                 0.0001,                 0.0001
                    228,                0.81535,                 0.4896,                0.11503,                0.62946,                0.48863,                0.50566,                0.31453,                0.56977,                0.58078,                0.06122,                 0.0001,                 0.0001,                 0.0001
                    229,                0.80809,                  0.491,                0.11336,                0.63053,                0.48967,                0.50622,                0.31464,                0.56929,                0.58123,                0.06134,                 0.0001,                 0.0001,                 0.0001
                    230,                0.80594,                  0.493,                0.11567,                0.62991,                0.48909,                0.50637,                0.31487,                0.56911,                0.58132,                0.06132,                 0.0001,                 0.0001,                 0.0001
                    231,                0.80977,                0.49098,                0.11316,                0.62663,                0.49024,                0.50661,                0.31493,                0.56961,                0.58073,                0.06159,                 0.0001,                 0.0001,                 0.0001
                    232,                0.79793,                0.49207,                 0.1109,                 0.6317,                0.48744,                0.50543,                 0.3143,                0.56935,                0.58108,                0.06142,                 0.0001,                 0.0001,                 0.0001
                    233,                0.79781,                0.49322,                0.11012,                0.63095,                 0.4867,                0.50588,                0.31456,                0.57008,                0.58015,                 0.0616,                 0.0001,                 0.0001,                 0.0001
                    234,                0.80003,                0.49218,                0.11155,                0.63361,                0.48648,                0.50635,                0.31444,                0.56948,                0.58067,                0.06143,                 0.0001,                 0.0001,                 0.0001
                    235,                0.80035,                0.49265,                 0.1105,                0.63466,                0.48828,                0.50719,                0.31478,                0.56925,                0.58094,                0.06132,                 0.0001,                 0.0001,                 0.0001
                    236,                 0.7924,                0.49226,                0.10997,                0.63329,                0.48754,                0.50661,                0.31458,                0.56931,                0.58059,                0.06126,                 0.0001,                 0.0001,                 0.0001
                    237,                0.80661,                0.48912,                0.11328,                0.63274,                0.48904,                0.50663,                0.31452,                0.56899,                0.58108,                0.06125,                 0.0001,                 0.0001,                 0.0001
                    238,                0.80243,                0.48954,                0.11142,                0.63456,                0.48788,                0.50674,                0.31477,                0.56876,                0.58086,                0.06113,                 0.0001,                 0.0001,                 0.0001
                    239,                0.79948,                0.49118,                0.11348,                0.63283,                0.48887,                0.50588,                0.31463,                0.56871,                0.58061,                0.06108,                 0.0001,                 0.0001,                 0.0001
                    240,                0.79026,                0.49277,                0.10942,                0.63451,                0.48959,                0.50627,                0.31513,                0.56852,                0.58103,                0.06109,                 0.0001,                 0.0001,                 0.0001
                    241,                0.80328,                0.49018,                0.11219,                0.63519,                0.49004,                0.50682,                0.31521,                0.56819,                0.58135,                0.06096,                 0.0001,                 0.0001,                 0.0001
                    242,                0.80397,                0.49078,                0.11266,                0.64049,                0.48778,                0.50747,                0.31524,                0.56841,                0.58097,                0.06109,                 0.0001,                 0.0001,                 0.0001
                    243,                0.79457,                0.49081,                0.10877,                0.63987,                0.49057,                0.50942,                 0.3166,                0.56796,                0.58112,                0.06097,                 0.0001,                 0.0001,                 0.0001
                    244,                0.79817,                0.49079,                 0.1104,                0.64086,                0.49017,                 0.5087,                0.31605,                0.56794,                0.58123,                0.06075,                 0.0001,                 0.0001,                 0.0001
                    245,                 0.8077,                 0.4881,                0.11528,                0.64025,                0.48973,                0.50793,                0.31572,                 0.5678,                0.58136,                0.06089,                 0.0001,                 0.0001,                 0.0001
                    246,                0.79988,                0.49041,                0.11153,                0.63539,                 0.4936,                0.50762,                 0.3159,                0.56809,                0.58123,                0.06074,                 0.0001,                 0.0001,                 0.0001
                    247,                0.80741,                0.49076,                0.11235,                0.63472,                0.49278,                 0.5079,                0.31574,                0.56843,                0.58107,                0.06104,                 0.0001,                 0.0001,                 0.0001
                    248,                0.80244,                0.49071,                0.11311,                0.63228,                0.49218,                0.50774,                 0.3158,                0.56875,                 0.5812,                0.06116,                 0.0001,                 0.0001,                 0.0001
                    249,                0.80103,                0.49088,                0.11346,                0.63141,                0.49282,                0.50737,                0.31579,                0.56897,                0.58101,                0.06132,                 0.0001,                 0.0001,                 0.0001
                    250,                0.78358,                0.49187,                0.10611,                0.63564,                0.49052,                 0.5081,                0.31618,                0.56894,                0.58118,                0.06154,                 0.0001,                 0.0001,                 0.0001
                    251,                0.79333,                0.49117,                0.11052,                0.63227,                0.49292,                0.50937,                0.31624,                0.56887,                0.58137,                0.06132,                 0.0001,                 0.0001,                 0.0001
                    252,                0.79418,                0.48841,                0.10996,                0.63145,                0.49233,                0.50895,                0.31619,                0.56911,                0.58108,                0.06151,                 0.0001,                 0.0001,                 0.0001
                    253,                0.79421,                0.49007,                0.11165,                0.63092,                0.49404,                0.50873,                0.31631,                0.56901,                0.58143,                0.06152,                 0.0001,                 0.0001,                 0.0001
                    254,                0.79982,                0.48985,                0.11121,                0.63141,                0.49332,                0.50868,                0.31652,                 0.5696,                0.58087,                 0.0614,                 0.0001,                 0.0001,                 0.0001
                    255,                0.79095,                0.49056,                0.11125,                0.63239,                 0.4934,                 0.5089,                0.31655,                0.56908,                0.58133,                0.06141,                 0.0001,                 0.0001,                 0.0001
                    256,                0.79837,                0.49079,                0.10831,                0.63726,                0.49023,                0.50894,                0.31665,                0.56876,                0.58156,                0.06133,                 0.0001,                 0.0001,                 0.0001
                    257,                0.79959,                 0.4897,                0.11132,                0.63576,                0.49081,                 0.5094,                0.31677,                0.56906,                0.58132,                0.06124,                 0.0001,                 0.0001,                 0.0001
                    258,                0.79788,                0.48777,                0.11029,                0.63464,                0.49219,                0.50981,                0.31682,                0.56781,                0.58229,                0.06078,                 0.0001,                 0.0001,                 0.0001
                    259,                0.79392,                0.49031,                0.11037,                0.63745,                0.49314,                0.51003,                0.31699,                0.56839,                0.58185,                0.06109,                 0.0001,                 0.0001,                 0.0001
                    260,                0.79063,                0.49097,                0.10918,                0.63507,                0.49441,                0.51036,                0.31734,                 0.5679,                0.58235,                0.06084,                 0.0001,                 0.0001,                 0.0001
                    261,                 0.7996,                0.48841,                0.11331,                0.63308,                0.49472,                0.51008,                0.31717,                0.56742,                0.58281,                0.06099,                 0.0001,                 0.0001,                 0.0001
                    262,                0.80317,                 0.4858,                 0.1141,                0.63417,                 0.4951,                0.51046,                0.31743,                0.56814,                0.58261,                0.06117,                 0.0001,                 0.0001,                 0.0001
                    263,                0.78652,                0.49105,                0.10768,                0.63542,                0.49212,                0.50968,                0.31712,                 0.5679,                0.58271,                0.06126,                 0.0001,                 0.0001,                 0.0001
                    264,                 0.7888,                0.49011,                0.10733,                0.63414,                0.49379,                0.51007,                0.31734,                0.56767,                0.58299,                0.06121,                 0.0001,                 0.0001,                 0.0001
                    265,                0.79557,                0.48848,                0.11146,                0.63281,                0.49384,                0.50946,                0.31698,                0.56745,                0.58347,                0.06114,                 0.0001,                 0.0001,                 0.0001
                    266,                0.79175,                0.48882,                0.11102,                 0.6321,                0.49384,                0.50922,                0.31713,                0.56701,                 0.5834,                0.06107,                 0.0001,                 0.0001,                 0.0001
                    267,                0.78802,                0.48994,                0.10791,                 0.6329,                0.49382,                0.50953,                0.31746,                0.56631,                0.58391,                0.06079,                 0.0001,                 0.0001,                 0.0001
                    268,                0.78771,                0.49005,                0.10956,                0.63337,                0.49209,                0.50803,                0.31687,                0.56623,                0.58449,                0.06069,                 0.0001,                 0.0001,                 0.0001
                    269,                0.78153,                0.48973,                 0.1072,                0.63518,                0.49337,                0.50906,                 0.3173,                 0.5663,                0.58395,                0.06073,                 0.0001,                 0.0001,                 0.0001
                    270,                0.79043,                0.48558,                0.10761,                0.63535,                0.49407,                0.50868,                0.31705,                0.56607,                0.58391,                 0.0606,                 0.0001,                 0.0001,                 0.0001
                    271,                0.79103,                0.48919,                 0.1098,                0.63407,                0.49554,                0.50956,                 0.3173,                0.56617,                0.58373,                0.06074,                 0.0001,                 0.0001,                 0.0001
                    272,                0.78312,                0.49032,                0.10731,                0.63776,                0.49432,                0.51001,                0.31748,                0.56681,                0.58346,                0.06101,                 0.0001,                 0.0001,                 0.0001
                    273,                0.80449,                 0.4861,                0.11402,                0.63304,                0.49712,                0.50999,                0.31729,                0.56644,                  0.584,                0.06096,                 0.0001,                 0.0001,                 0.0001
                    274,                0.79818,                0.48747,                0.11145,                0.63408,                0.49757,                 0.5108,                0.31765,                 0.5673,                 0.5836,                 0.0613,                 0.0001,                 0.0001,                 0.0001
                    275,                0.77965,                0.49282,                0.10726,                0.63318,                 0.4963,                0.51045,                0.31743,                0.56723,                0.58354,                 0.0611,                 0.0001,                 0.0001,                 0.0001
                    276,                0.79614,                0.48601,                0.11089,                0.63268,                0.49734,                 0.5104,                0.31728,                0.56761,                 0.5833,                0.06127,                 0.0001,                 0.0001,                 0.0001
                    277,                0.78606,                0.48785,                0.10915,                0.63447,                0.49689,                0.50977,                0.31678,                0.56727,                0.58338,                  0.061,                 0.0001,                 0.0001,                 0.0001
                    278,                0.78841,                0.48853,                0.10936,                0.63298,                0.49696,                0.50957,                0.31633,                 0.5682,                0.58266,                0.06138,                 0.0001,                 0.0001,                 0.0001
                    279,                0.78596,                0.48728,                0.10985,                0.63246,                0.49617,                0.50997,                0.31642,                0.56834,                0.58264,                0.06136,                 0.0001,                 0.0001,                 0.0001
                    280,                 0.7844,                0.48954,                0.11089,                0.63164,                 0.4963,                0.50999,                0.31653,                0.56818,                0.58314,                0.06138,                 0.0001,                 0.0001,                 0.0001
                    281,                0.78066,                0.48976,                0.10571,                0.63121,                0.49533,                0.50933,                0.31607,                0.56786,                0.58323,                0.06119,                 0.0001,                 0.0001,                 0.0001
                    282,                 0.7889,                0.48835,                 0.1103,                0.63148,                0.49669,                0.50961,                0.31593,                0.56752,                0.58381,                0.06096,                 0.0001,                 0.0001,                 0.0001
                    283,                0.78438,                0.48955,                0.10748,                0.63355,                0.49626,                0.50973,                0.31597,                0.56794,                0.58365,                0.06113,                 0.0001,                 0.0001,                 0.0001
                    284,                0.78713,                0.48682,                0.11215,                 0.6351,                0.49503,                0.50973,                  0.316,                0.56731,                0.58392,                0.06111,                 0.0001,                 0.0001,                 0.0001
                    285,                 0.7721,                0.49168,                0.10548,                0.63564,                0.49494,                 0.5102,                0.31639,                0.56722,                0.58389,                0.06125,                 0.0001,                 0.0001,                 0.0001
                    286,                0.78807,                0.48622,                0.11068,                  0.636,                0.49677,                0.51078,                0.31671,                0.56705,                0.58405,                0.06108,                 0.0001,                 0.0001,                 0.0001
                    287,                0.77667,                0.48988,                0.10586,                0.63416,                0.49709,                0.51112,                0.31689,                0.56741,                0.58386,                0.06124,                 0.0001,                 0.0001,                 0.0001
                    288,                0.79016,                0.48693,                 0.1121,                0.63447,                0.49659,                0.51169,                0.31725,                0.56697,                0.58402,                0.06116,                 0.0001,                 0.0001,                 0.0001
                    289,                0.78096,                0.48901,                0.10636,                0.63486,                0.49725,                0.51202,                0.31717,                0.56715,                0.58382,                0.06124,                 0.0001,                 0.0001,                 0.0001
                    290,                0.78192,                0.48568,                0.10744,                0.63539,                0.49682,                0.51177,                0.31705,                0.56684,                0.58396,                0.06113,                 0.0001,                 0.0001,                 0.0001
                    291,                0.78884,                0.48584,                0.10982,                0.63616,                0.49671,                0.51189,                0.31692,                0.56694,                0.58386,                0.06106,                 0.0001,                 0.0001,                 0.0001
                    292,                0.76985,                0.48871,                0.10413,                0.63122,                0.49681,                0.50983,                0.31574,                0.56668,                0.58425,                0.06113,                 0.0001,                 0.0001,                 0.0001
                    293,                0.77745,                0.48775,                0.10596,                0.62718,                0.49946,                0.51088,                0.31631,                0.56712,                0.58419,                 0.0613,                 0.0001,                 0.0001,                 0.0001
                    294,                0.78142,                0.48628,                0.10958,                0.63151,                0.49792,                0.51165,                0.31677,                0.56672,                0.58458,                0.06106,                 0.0001,                 0.0001,                 0.0001
                    295,                0.77897,                0.48651,                0.10854,                0.63332,                0.49701,                0.51117,                0.31667,                0.56612,                0.58495,                0.06092,                 0.0001,                 0.0001,                 0.0001
                    296,                0.77697,                0.48749,                  0.107,                0.63633,                0.49538,                 0.5118,                0.31682,                0.56578,                0.58521,                 0.0609,                 0.0001,                 0.0001,                 0.0001
                    297,                 0.7816,                0.48494,                0.10616,                0.63726,                 0.4969,                0.51217,                0.31685,                0.56576,                0.58504,                0.06085,                 0.0001,                 0.0001,                 0.0001
                    298,                0.78453,                0.48437,                0.10674,                0.63666,                0.49527,                0.51138,                0.31655,                0.56556,                0.58516,                0.06092,                 0.0001,                 0.0001,                 0.0001
                    299,                0.78009,                0.48664,                0.10898,                0.63397,                0.49623,                0.51116,                0.31683,                0.56522,                 0.5853,                 0.0608,                 0.0001,                 0.0001,                 0.0001
                    300,                0.77209,                0.48811,                0.10494,                0.62957,                0.49819,                0.51116,                0.31669,                0.56516,                0.58531,                0.06079,                 0.0001,                 0.0001,                 0.0001
                    301,                0.78369,                0.48468,                0.11083,                0.62866,                0.49865,                0.51049,                0.31628,                0.56461,                0.58572,                 0.0606,                 0.0001,                 0.0001,                 0.0001
                    302,                0.77746,                0.48699,                0.10505,                0.63291,                0.49762,                 0.5108,                 0.3163,                 0.5645,                0.58604,                0.06054,                 0.0001,                 0.0001,                 0.0001
                    303,                0.78195,                0.48347,                0.10857,                0.63166,                0.49836,                0.51047,                0.31641,                0.56449,                0.58615,                0.06037,                 0.0001,                 0.0001,                 0.0001
                    304,                0.78459,                0.48498,                0.10941,                0.63083,                0.49771,                0.50967,                0.31589,                0.56515,                0.58587,                0.06056,                 0.0001,                 0.0001,                 0.0001
                    305,                0.77064,                0.48592,                0.10382,                0.63271,                0.49748,                0.51001,                0.31622,                0.56574,                 0.5858,                0.06066,                 0.0001,                 0.0001,                 0.0001
                    306,                 0.7803,                0.48714,                 0.1082,                0.62786,                0.50016,                0.51001,                0.31631,                0.56608,                0.58593,                0.06091,                 0.0001,                 0.0001,                 0.0001
                    307,                0.77822,                0.48424,                0.10756,                0.62993,                0.49863,                0.51009,                0.31647,                0.56604,                 0.5862,                0.06114,                 0.0001,                 0.0001,                 0.0001
                    308,                0.77249,                0.48582,                0.10342,                0.63087,                0.49744,                0.50935,                0.31654,                0.56596,                0.58656,                0.06107,                 0.0001,                 0.0001,                 0.0001
                    309,                0.77222,                 0.4872,                0.10563,                0.63017,                0.49822,                0.50984,                0.31676,                0.56634,                0.58597,                0.06117,                 0.0001,                 0.0001,                 0.0001
                    310,                0.77899,                0.48532,                 0.1077,                0.62888,                0.49792,                0.50978,                0.31656,                0.56645,                0.58557,                0.06104,                 0.0001,                 0.0001,                 0.0001
                    311,                0.77599,                 0.4854,                0.10497,                0.63165,                0.49848,                0.51156,                 0.3176,                0.56695,                0.58511,                0.06107,                 0.0001,                 0.0001,                 0.0001
                    312,                0.78416,                0.48402,                0.10847,                0.63366,                0.49817,                0.51107,                0.31752,                0.56646,                0.58574,                0.06094,                 0.0001,                 0.0001,                 0.0001
                    313,                0.77543,                0.48494,                 0.1062,                0.63166,                0.49701,                0.51089,                0.31735,                 0.5666,                0.58569,                0.06107,                 0.0001,                 0.0001,                 0.0001
                    314,                0.77493,                0.48429,                0.10743,                0.63136,                 0.4977,                0.51064,                0.31711,                  0.567,                0.58548,                0.06111,                 0.0001,                 0.0001,                 0.0001
                    315,                0.77712,                0.48515,                0.10592,                0.63136,                0.49648,                0.51092,                0.31741,                0.56676,                0.58599,                0.06113,                 0.0001,                 0.0001,                 0.0001
                    316,                0.78175,                 0.4835,                0.10841,                0.63176,                0.49648,                0.51079,                0.31751,                0.56632,                0.58683,                0.06123,                 0.0001,                 0.0001,                 0.0001
                    317,                0.77091,                0.48427,                0.10766,                0.63494,                0.49486,                0.51065,                0.31708,                0.56629,                0.58672,                0.06127,                 0.0001,                 0.0001,                 0.0001
                    318,                0.77005,                0.48464,                 0.1043,                0.63528,                0.49501,                0.51127,                0.31779,                 0.5662,                0.58669,                0.06139,                 0.0001,                 0.0001,                 0.0001
                    319,                0.77529,                0.48432,                0.10561,                0.63404,                0.49597,                0.51153,                0.31741,                0.56607,                0.58662,                0.06134,                 0.0001,                 0.0001,                 0.0001
                    320,                0.77832,                0.48508,                 0.1049,                0.63502,                0.49631,                 0.5118,                0.31774,                0.56626,                0.58632,                0.06143,                 0.0001,                 0.0001,                 0.0001
                    321,                0.76609,                0.48635,                0.10296,                0.63778,                0.49617,                0.51179,                0.31824,                0.56547,                 0.5866,                0.06118,                 0.0001,                 0.0001,                 0.0001
                    322,                0.77143,                0.48598,                0.10618,                0.63925,                0.49457,                0.51197,                0.31795,                0.56536,                0.58646,                0.06113,                 0.0001,                 0.0001,                 0.0001
                    323,                0.77036,                0.48387,                0.10452,                0.63635,                0.49584,                0.51267,                0.31855,                0.56535,                0.58639,                0.06107,                 0.0001,                 0.0001,                 0.0001
                    324,                0.76166,                 0.4867,                0.10231,                0.63921,                0.49564,                 0.5134,                0.31899,                0.56542,                0.58652,                0.06112,                 0.0001,                 0.0001,                 0.0001
                    325,                0.77736,                0.48325,                0.10712,                0.63939,                 0.4945,                0.51353,                0.31926,                0.56553,                0.58662,                0.06115,                 0.0001,                 0.0001,                 0.0001
                    326,                0.77454,                0.48337,                0.10493,                0.63908,                0.49502,                0.51352,                0.31903,                0.56576,                0.58649,                0.06134,                 0.0001,                 0.0001,                 0.0001
                    327,                0.76986,                0.48525,                0.10651,                0.63846,                0.49684,                0.51378,                0.31937,                0.56584,                0.58644,                0.06142,                 0.0001,                 0.0001,                 0.0001
                    328,                0.77245,                0.48532,                0.10616,                 0.6372,                0.49748,                0.51481,                0.31941,                0.56523,                0.58681,                0.06124,                 0.0001,                 0.0001,                 0.0001
                    329,                0.77714,                0.48196,                0.10671,                0.63637,                0.49805,                0.51501,                0.31971,                0.56538,                0.58699,                0.06125,                 0.0001,                 0.0001,                 0.0001
                    330,                0.76874,                 0.4822,                0.10654,                0.63594,                0.49741,                0.51427,                0.31924,                0.56525,                0.58711,                 0.0611,                 0.0001,                 0.0001,                 0.0001
                    331,                0.76806,                0.48466,                0.10355,                0.63546,                0.49662,                0.51352,                0.31912,                0.56568,                0.58658,                0.06118,                 0.0001,                 0.0001,                 0.0001
                    332,                0.76124,                0.48507,                0.10159,                0.63603,                0.49619,                0.51382,                0.31941,                0.56574,                0.58681,                0.06124,                 0.0001,                 0.0001,                 0.0001
                    333,                0.77592,                0.48144,                0.10595,                0.63804,                0.49481,                0.51333,                 0.3187,                0.56524,                0.58731,                 0.0612,                 0.0001,                 0.0001,                 0.0001
                    334,                0.76737,                 0.4829,                 0.1056,                0.63798,                0.49759,                0.51341,                0.31865,                0.56548,                 0.5873,                0.06102,                 0.0001,                 0.0001,                 0.0001
                    335,                0.76794,                0.48306,                0.10464,                 0.6386,                 0.4956,                0.51395,                0.31896,                0.56544,                0.58793,                0.06101,                 0.0001,                 0.0001,                 0.0001
                    336,                0.75946,                0.48694,                0.10187,                0.63841,                0.49667,                 0.5142,                0.31911,                0.56523,                 0.5881,                0.06106,                 0.0001,                 0.0001,                 0.0001
                    337,                0.77485,                0.48189,                0.10709,                0.63958,                0.49786,                0.51417,                0.31884,                0.56518,                0.58817,                0.06103,                 0.0001,                 0.0001,                 0.0001
                    338,                0.77053,                0.48337,                0.10611,                0.63942,                0.49772,                0.51472,                0.31917,                0.56521,                 0.5882,                0.06115,                 0.0001,                 0.0001,                 0.0001
                    339,                0.76925,                0.48282,                0.10405,                 0.6398,                0.49801,                0.51506,                0.31944,                0.56557,                0.58782,                0.06137,                 0.0001,                 0.0001,                 0.0001
                    340,                0.77106,                0.48229,                0.10537,                0.64548,                0.49249,                0.51456,                0.31912,                0.56559,                0.58835,                0.06144,                 0.0001,                 0.0001,                 0.0001
                    341,                0.77226,                0.48193,                0.10547,                0.64408,                0.49386,                0.51461,                0.31904,                0.56558,                0.58818,                0.06145,                 0.0001,                 0.0001,                 0.0001
                    342,                0.77247,                0.48249,                0.10564,                0.64365,                0.49351,                0.51327,                0.31867,                0.56552,                0.58851,                0.06136,                 0.0001,                 0.0001,                 0.0001
                    343,                0.77178,                 0.4819,                 0.1082,                0.63833,                0.49554,                 0.5133,                0.31888,                0.56615,                0.58844,                0.06167,                 0.0001,                 0.0001,                 0.0001
                    344,                0.76776,                0.48172,                0.10455,                0.63697,                0.49602,                 0.5127,                0.31895,                 0.5657,                0.58875,                0.06159,                 0.0001,                 0.0001,                 0.0001
                    345,                 0.7751,                 0.4796,                0.11006,                 0.6409,                0.49634,                0.51314,                0.31927,                0.56615,                0.58828,                0.06184,                 0.0001,                 0.0001,                 0.0001
                    346,                0.76482,                0.48248,                0.10542,                0.63931,                 0.4968,                0.51303,                0.31922,                0.56614,                0.58827,                0.06179,                 0.0001,                 0.0001,                 0.0001
                    347,                0.76821,                0.48001,                 0.1047,                0.64291,                0.49526,                0.51377,                0.31965,                0.56591,                0.58857,                0.06175,                 0.0001,                 0.0001,                 0.0001
                    348,                0.76195,                0.48308,                 0.1032,                 0.6418,                0.49569,                0.51408,                0.32039,                0.56537,                0.58871,                0.06149,                 0.0001,                 0.0001,                 0.0001
                    349,                0.76361,                0.48079,                0.10354,                0.64205,                0.49672,                 0.5148,                0.32114,                0.56574,                0.58867,                 0.0614,                 0.0001,                 0.0001,                 0.0001
                    350,                0.77398,                0.48053,                0.10497,                0.63891,                 0.4977,                0.51458,                0.32066,                0.56605,                0.58872,                0.06156,                 0.0001,                 0.0001,                 0.0001
                    351,                0.75188,                0.48324,                0.09961,                0.63999,                0.49767,                0.51397,                0.32024,                0.56648,                0.58863,                0.06179,                 0.0001,                 0.0001,                 0.0001
                    352,                 0.7674,                0.48063,                0.10604,                0.63411,                0.50031,                0.51379,                0.32017,                0.56597,                0.58924,                0.06167,                 0.0001,                 0.0001,                 0.0001
                    353,                0.75526,                0.48394,                0.10065,                0.63675,                0.49719,                0.51271,                0.31947,                0.56623,                0.58925,                 0.0617,                 0.0001,                 0.0001,                 0.0001
                    354,                0.76357,                0.48105,                0.10251,                0.63573,                0.49862,                0.51407,                0.32003,                0.56638,                0.58914,                0.06163,                 0.0001,                 0.0001,                 0.0001
                    355,                 0.7675,                0.48026,                0.10509,                0.63531,                0.49903,                0.51484,                0.32025,                0.56602,                 0.5893,                0.06158,                 0.0001,                 0.0001,                 0.0001
                    356,                0.76185,                0.48172,                0.10319,                0.63682,                0.49822,                0.51436,                0.32042,                0.56606,                0.58941,                0.06158,                 0.0001,                 0.0001,                 0.0001
                    357,                0.76422,                 0.4818,                0.10618,                0.63977,                0.49727,                0.51402,                0.31985,                0.56632,                 0.5892,                0.06146,                 0.0001,                 0.0001,                 0.0001
                    358,                0.75675,                 0.4828,                0.10279,                0.63657,                0.49808,                0.51359,                0.32001,                0.56664,                0.58903,                0.06159,                 0.0001,                 0.0001,                 0.0001
                    359,                0.76588,                0.47981,                0.10481,                0.63246,                0.49918,                0.51315,                0.31954,                0.56676,                0.58908,                0.06175,                 0.0001,                 0.0001,                 0.0001
                    360,                0.76414,                0.47936,                0.10396,                0.63263,                0.49906,                0.51397,                   0.32,                0.56653,                0.58946,                0.06189,                 0.0001,                 0.0001,                 0.0001
                    361,                0.75466,                0.48028,                0.10264,                 0.6324,                 0.4997,                0.51409,                0.32027,                0.56585,                 0.5901,                0.06184,                 0.0001,                 0.0001,                 0.0001
                    362,                0.76559,                0.48152,                0.10625,                 0.6326,                0.49893,                0.51438,                0.32029,                0.56588,                0.59033,                0.06186,                 0.0001,                 0.0001,                 0.0001
                    363,                0.76167,                 0.4785,                0.10388,                0.63285,                0.49825,                0.51321,                0.31945,                0.56614,                0.59062,                0.06192,                 0.0001,                 0.0001,                 0.0001
                    364,                 0.7629,                0.48087,                 0.1032,                0.63231,                0.49534,                0.51136,                0.31843,                 0.5661,                0.59099,                0.06186,                 0.0001,                 0.0001,                 0.0001
                    365,                 0.7544,                0.48283,                0.10214,                0.63167,                0.49754,                0.51213,                0.31876,                0.56614,                0.59097,                0.06199,                 0.0001,                 0.0001,                 0.0001
                    366,                0.75953,                0.48093,                 0.1027,                0.63332,                0.49799,                0.51314,                0.31957,                0.56634,                0.59089,                0.06227,                 0.0001,                 0.0001,                 0.0001
                    367,                 0.7519,                0.48268,                0.10261,                0.63038,                0.50144,                 0.5129,                0.31924,                 0.5667,                 0.5907,                0.06224,                 0.0001,                 0.0001,                 0.0001
                    368,                 0.7525,                0.48117,                 0.1017,                0.63632,                0.49629,                0.51257,                  0.319,                0.56694,                 0.5909,                0.06216,                 0.0001,                 0.0001,                 0.0001
                    369,                 0.7622,                0.48093,                0.10319,                0.63838,                0.49528,                0.51268,                0.31937,                0.56661,                0.59093,                0.06204,                 0.0001,                 0.0001,                 0.0001
                    370,                0.76411,                 0.4792,                0.10383,                0.63703,                0.49773,                0.51262,                0.31932,                0.56619,                0.59163,                0.06172,                 0.0001,                 0.0001,                 0.0001
                    371,                0.76562,                0.47966,                0.10431,                0.63552,                0.49878,                0.51251,                0.31936,                0.56584,                0.59212,                0.06167,                 0.0001,                 0.0001,                 0.0001
                    372,                0.76384,                0.47896,                0.10525,                0.63684,                0.49679,                0.51215,                0.31909,                0.56586,                0.59229,                0.06158,                 0.0001,                 0.0001,                 0.0001
                    373,                 0.7664,                0.47919,                0.10323,                0.63653,                0.49678,                0.51153,                0.31893,                0.56554,                0.59226,                 0.0615,                 0.0001,                 0.0001,                 0.0001
                    374,                0.75929,                0.48017,                0.10472,                0.63573,                0.49552,                0.51057,                0.31841,                0.56562,                0.59215,                0.06163,                 0.0001,                 0.0001,                 0.0001
                    375,                0.76183,                0.47788,                0.10482,                0.63775,                0.49683,                0.51162,                0.31897,                0.56575,                0.59229,                 0.0617,                 0.0001,                 0.0001,                 0.0001
                    376,                0.76301,                0.47925,                0.10419,                0.63735,                0.49825,                0.51239,                0.31951,                0.56528,                0.59248,                0.06157,                 0.0001,                 0.0001,                 0.0001
                    377,                 0.7607,                0.47843,                0.10287,                 0.6366,                0.49752,                0.51118,                0.31881,                0.56572,                  0.592,                0.06142,                 0.0001,                 0.0001,                 0.0001
                    378,                0.75409,                0.47872,                0.10112,                0.63476,                0.49843,                0.51151,                0.31872,                0.56555,                0.59231,                0.06146,                 0.0001,                 0.0001,                 0.0001
                    379,                0.75794,                0.47812,                 0.1028,                0.63553,                0.49814,                0.51132,                0.31832,                0.56571,                0.59262,                0.06141,                 0.0001,                 0.0001,                 0.0001
                    380,                0.75965,                0.47792,                0.10284,                0.63838,                0.49753,                0.51195,                0.31855,                0.56492,                0.59304,                0.06112,                 0.0001,                 0.0001,                 0.0001
                    381,                0.76408,                0.47801,                0.10312,                0.63762,                0.49582,                0.51144,                0.31815,                  0.565,                0.59318,                0.06118,                 0.0001,                 0.0001,                 0.0001
                    382,                0.76031,                 0.4786,                0.10353,                0.63744,                0.49892,                0.51216,                0.31869,                0.56474,                0.59345,                0.06109,                 0.0001,                 0.0001,                 0.0001
                    383,                0.76983,                0.47588,                0.10579,                0.63875,                0.49872,                0.51159,                0.31777,                0.56498,                0.59278,                0.06119,                 0.0001,                 0.0001,                 0.0001
                    384,                0.75294,                0.47817,                0.10147,                0.64056,                0.49643,                0.51063,                 0.3174,                 0.5647,                0.59282,                0.06118,                 0.0001,                 0.0001,                 0.0001
                    385,                0.75218,                0.47796,                0.10218,                0.63962,                0.49847,                 0.5106,                0.31771,                0.56422,                0.59345,                0.06124,                 0.0001,                 0.0001,                 0.0001
                    386,                0.75789,                 0.4786,                0.10131,                0.64245,                0.49576,                0.51048,                0.31754,                0.56418,                0.59332,                0.06102,                 0.0001,                 0.0001,                 0.0001
                    387,                0.75972,                0.47768,                0.10293,                0.64063,                0.49892,                0.51126,                0.31842,                0.56414,                0.59344,                0.06123,                 0.0001,                 0.0001,                 0.0001
                    388,                  0.762,                0.47791,                0.10423,                0.64305,                0.49726,                 0.5115,                0.31841,                0.56466,                 0.5933,                0.06118,                 0.0001,                 0.0001,                 0.0001
                    389,                0.75235,                0.47895,                0.10384,                0.64059,                0.49824,                0.51108,                0.31804,                0.56493,                0.59355,                0.06133,                 0.0001,                 0.0001,                 0.0001
