                  epoch,        train/giou_loss,         train/cls_loss,          train/l1_loss,   metrics/precision(B),      metrics/recall(B),       metrics/mAP50(B),    metrics/mAP50-95(B),          val/giou_loss,           val/cls_loss,            val/l1_loss,                 lr/pg0,                 lr/pg1,                 lr/pg2
                      1,                 2.0484,                0.21185,                0.55709,                0.52094,                0.02796,                0.00966,                 0.0022,                 1.5787,                 0.3815,                0.31765,                0.05964,               4.04e-05,               4.04e-05
                      2,                 1.7891,                0.32578,                0.41979,                0.48349,                0.07895,                0.04639,                0.01562,                 1.3282,                0.49213,                0.23969,               0.019231,              8.085e-05,              8.085e-05
                      3,                 1.6101,                0.40214,                 0.3585,                0.23853,                0.12113,                0.09554,                0.04178,                 1.1276,                0.56374,                0.16978,                 0.0001,                 0.0001,                 0.0001
                      4,                  1.461,                0.44939,                0.30698,                0.25418,                0.14413,                0.13424,                 0.0669,                 1.0131,                0.59167,                0.15575,                 0.0001,                 0.0001,                 0.0001
                      5,                 1.3884,                0.46258,                0.27865,                0.27597,                0.18512,                0.16328,                 0.0841,                0.93645,                0.59728,                 0.1335,                 0.0001,                 0.0001,                 0.0001
                      6,                 1.3387,                0.47404,                0.26425,                0.37179,                0.19823,                0.17683,                0.09362,                0.90697,                0.60597,                0.12693,                 0.0001,                 0.0001,                 0.0001
                      7,                  1.298,                0.47915,                0.25123,                0.34346,                0.22396,                 0.2122,                0.11387,                0.89515,                0.58765,                0.12482,                 0.0001,                 0.0001,                 0.0001
                      8,                 1.2659,                0.48417,                0.24312,                0.33507,                0.24699,                0.22761,                 0.1239,                0.84907,                0.59669,                0.11478,                 0.0001,                 0.0001,                 0.0001
                      9,                 1.2494,                0.48264,                0.23425,                0.36287,                0.25498,                0.24077,                0.13266,                0.82668,                 0.5994,                 0.1081,                 0.0001,                 0.0001,                 0.0001
                     10,                 1.2244,                0.48896,                0.22686,                0.36653,                0.26222,                0.25516,                0.14247,                0.81363,                0.59843,                0.10346,                 0.0001,                 0.0001,                 0.0001
                     11,                 1.2225,                0.48456,                0.22707,                0.37957,                 0.2803,                0.26552,                0.14884,                0.79862,                0.59806,                0.10307,                 0.0001,                 0.0001,                 0.0001
                     12,                 1.1994,                0.48788,                0.22076,                0.41083,                0.28329,                0.27447,                0.15556,                0.78843,                 0.5958,                0.09843,                 0.0001,                 0.0001,                 0.0001
                     13,                 1.1839,                0.48815,                 0.2155,                0.40912,                0.29328,                0.28768,                0.16456,                0.77685,                0.59447,                0.09647,                 0.0001,                 0.0001,                 0.0001
                     14,                 1.1793,                0.48587,                 0.2171,                 0.4272,                0.30106,                0.29889,                0.17209,                0.76427,                0.59513,                  0.094,                 0.0001,                 0.0001,                 0.0001
                     15,                 1.1507,                0.49131,                0.20489,                0.43597,                0.30899,                0.30706,                0.17841,                0.75849,                0.59435,                0.09293,                 0.0001,                 0.0001,                 0.0001
                     16,                 1.1521,                 0.4885,                0.20788,                0.42832,                 0.3198,                0.31237,                0.18142,                0.75155,                0.59416,                0.09106,                 0.0001,                 0.0001,                 0.0001
                     17,                 1.1424,                0.48931,                0.20637,                0.44113,                0.31883,                 0.3163,                0.18414,                0.74409,                0.59295,                0.08974,                 0.0001,                 0.0001,                 0.0001
                     18,                 1.1265,                0.49081,                0.19922,                0.44286,                0.32211,                0.32007,                0.18697,                 0.7402,                0.59252,                0.08934,                 0.0001,                 0.0001,                 0.0001
                     19,                   1.11,                 0.4956,                0.19286,                0.45144,                0.32602,                0.32462,                0.18988,                0.73615,                0.59163,                 0.0889,                 0.0001,                 0.0001,                 0.0001
                     20,                 1.1114,                0.49203,                0.19263,                0.44787,                0.33031,                0.32746,                0.19155,                 0.7309,                0.59126,                0.08753,                 0.0001,                 0.0001,                 0.0001
                     21,                 1.1005,                0.49363,                0.19288,                0.45282,                0.33207,                0.33212,                0.19479,                0.72662,                0.59156,                0.08647,                 0.0001,                 0.0001,                 0.0001
                     22,                 1.0929,                0.49325,                0.18984,                0.45375,                0.33478,                0.33579,                0.19658,                0.72452,                0.59051,                0.08607,                 0.0001,                 0.0001,                 0.0001
                     23,                  1.088,                0.49466,                0.19091,                0.46107,                0.33629,                0.33837,                0.19883,                0.72159,                0.59064,                 0.0855,                 0.0001,                 0.0001,                 0.0001
                     24,                 1.0787,                0.49131,                0.18508,                 0.4622,                0.33902,                0.33992,                0.19978,                0.71906,                0.59051,                0.08532,                 0.0001,                 0.0001,                 0.0001
                     25,                 1.0739,                0.49299,                0.18359,                0.46817,                0.33628,                0.34085,                0.20053,                0.71623,                0.59003,                0.08462,                 0.0001,                 0.0001,                 0.0001
                     26,                 1.0672,                0.49364,                0.18083,                0.47107,                0.33858,                0.34458,                0.20314,                0.71373,                0.58976,                0.08398,                 0.0001,                 0.0001,                 0.0001
                     27,                 1.0742,                0.48996,                0.18345,                0.47492,                0.34139,                0.34593,                 0.2042,                0.71134,                0.58937,                0.08377,                 0.0001,                 0.0001,                 0.0001
                     28,                   1.06,                0.49331,                0.17707,                0.48044,                0.34185,                0.34911,                0.20645,                0.70923,                0.58867,                0.08336,                 0.0001,                 0.0001,                 0.0001
                     29,                 1.0595,                0.48994,                0.18235,                0.48531,                0.34608,                0.35303,                0.20908,                0.70768,                0.58825,                0.08311,                 0.0001,                 0.0001,                 0.0001
                     30,                 1.0486,                 0.4924,                0.17415,                0.48185,                0.35005,                0.35577,                0.21077,                0.70524,                0.58788,                0.08251,                 0.0001,                 0.0001,                 0.0001
                     31,                  1.036,                0.49369,                0.17065,                0.48438,                0.35291,                0.35895,                0.21297,                0.70221,                0.58842,                0.08182,                 0.0001,                 0.0001,                 0.0001
                     32,                  1.031,                0.49543,                0.16782,                0.48976,                0.35529,                0.36095,                0.21422,                0.70045,                0.58812,                0.08166,                 0.0001,                 0.0001,                 0.0001
                     33,                 1.0407,                0.49153,                0.17559,                0.48806,                0.35848,                 0.3627,                0.21547,                0.69772,                0.58812,                0.08108,                 0.0001,                 0.0001,                 0.0001
                     34,                 1.0369,                0.48876,                0.17414,                0.49023,                 0.3599,                0.36452,                0.21664,                 0.6957,                 0.5875,                0.08067,                 0.0001,                 0.0001,                 0.0001
                     35,                 1.0326,                 0.4916,                0.17291,                0.49443,                0.36094,                0.36659,                0.21788,                0.69391,                0.58685,                0.08027,                 0.0001,                 0.0001,                 0.0001
                     36,                 1.0238,                0.48972,                 0.1684,                 0.5009,                0.36211,                0.36917,                0.22001,                0.69139,                0.58663,                0.07982,                 0.0001,                 0.0001,                 0.0001
                     37,                 1.0295,                 0.4891,                0.17381,                0.50132,                0.36218,                0.36961,                0.22045,                0.68844,                0.58651,                0.07946,                 0.0001,                 0.0001,                 0.0001
                     38,                 1.0169,                 0.4929,                0.16614,                 0.5079,                0.36562,                0.37414,                0.22365,                0.68708,                0.58585,                0.07921,                 0.0001,                 0.0001,                 0.0001
                     39,                 1.0182,                0.49178,                0.16731,                 0.5085,                0.36494,                0.37518,                0.22483,                0.68547,                0.58533,                0.07891,                 0.0001,                 0.0001,                 0.0001
                     40,                 1.0045,                0.49224,                 0.1654,                0.51096,                0.36893,                0.37875,                0.22721,                0.68306,                0.58518,                 0.0786,                 0.0001,                 0.0001,                 0.0001
                     41,                 1.0104,                0.49076,                0.16413,                0.51127,                0.36939,                0.38036,                0.22797,                0.68099,                0.58438,                0.07857,                 0.0001,                 0.0001,                 0.0001
                     42,                 1.0079,                   0.49,                0.16296,                0.51818,                 0.3692,                0.38238,                0.22955,                0.67849,                 0.5846,                0.07815,                 0.0001,                 0.0001,                 0.0001
                     43,                 1.0179,                0.48413,                0.17104,                0.51872,                 0.3709,                0.38458,                0.23149,                0.67628,                0.58355,                0.07767,                 0.0001,                 0.0001,                 0.0001
                     44,                0.99572,                0.49043,                0.15987,                0.51648,                0.37245,                0.38667,                0.23292,                0.67402,                0.58317,                 0.0775,                 0.0001,                 0.0001,                 0.0001
                     45,                0.99278,                0.49232,                0.15848,                0.51966,                0.37415,                0.38887,                0.23479,                0.67245,                0.58234,                0.07705,                 0.0001,                 0.0001,                 0.0001
                     46,                0.98317,                0.49345,                0.15561,                0.51955,                0.37922,                0.39105,                0.23627,                0.67078,                0.58169,                0.07679,                 0.0001,                 0.0001,                 0.0001
                     47,                0.99387,                0.48992,                0.15995,                0.52279,                0.38172,                0.39371,                0.23783,                0.66933,                0.58107,                0.07661,                 0.0001,                 0.0001,                 0.0001
                     48,                0.99093,                0.48891,                0.15896,                0.52896,                0.38294,                0.39723,                0.24024,                0.66728,                0.58077,                0.07644,                 0.0001,                 0.0001,                 0.0001
                     49,                0.97924,                0.49221,                0.15815,                0.53021,                0.38475,                0.39875,                0.24124,                0.66513,                0.58047,                0.07604,                 0.0001,                 0.0001,                 0.0001
                     50,                0.98381,                0.49037,                0.15946,                0.53471,                0.38466,                0.40045,                0.24272,                0.66347,                0.58007,                0.07609,                 0.0001,                 0.0001,                 0.0001
                     51,                0.99645,                 0.4857,                0.16059,                0.53731,                0.38917,                0.40327,                0.24467,                0.66203,                0.57979,                0.07589,                 0.0001,                 0.0001,                 0.0001
                     52,                0.97484,                0.49114,                0.15241,                0.54065,                0.39059,                0.40501,                0.24624,                0.66034,                0.57909,                 0.0757,                 0.0001,                 0.0001,                 0.0001
                     53,                 0.9716,                0.49226,                0.15673,                0.53984,                0.39456,                0.40713,                0.24737,                0.65845,                 0.5788,                0.07512,                 0.0001,                 0.0001,                 0.0001
                     54,                0.97941,                0.49083,                0.15358,                0.54068,                 0.3968,                0.41005,                0.24902,                0.65724,                0.57837,                0.07497,                 0.0001,                 0.0001,                 0.0001
                     55,                0.97274,                0.48966,                0.15468,                0.53679,                0.40124,                0.41161,                0.25024,                0.65595,                0.57768,                0.07489,                 0.0001,                 0.0001,                 0.0001
                     56,                0.96793,                 0.4913,                0.15314,                0.53874,                0.40234,                0.41254,                 0.2509,                0.65483,                0.57698,                0.07446,                 0.0001,                 0.0001,                 0.0001
                     57,                0.97739,                0.48736,                0.15558,                0.54463,                0.40333,                0.41488,                0.25234,                0.65311,                0.57647,                0.07407,                 0.0001,                 0.0001,                 0.0001
                     58,                0.97123,                0.48738,                0.15527,                0.54352,                0.40837,                 0.4172,                0.25398,                0.65165,                0.57645,                0.07381,                 0.0001,                 0.0001,                 0.0001
                     59,                0.96922,                0.48844,                0.15662,                0.55023,                0.40649,                0.41984,                0.25504,                0.65028,                0.57607,                 0.0738,                 0.0001,                 0.0001,                 0.0001
                     60,                0.95483,                0.49102,                0.14823,                0.55151,                0.40677,                0.42081,                0.25627,                0.64879,                0.57565,                0.07343,                 0.0001,                 0.0001,                 0.0001
                     61,                0.94673,                0.49286,                0.14694,                  0.554,                0.40625,                0.42232,                0.25688,                0.64739,                 0.5753,                0.07316,                 0.0001,                 0.0001,                 0.0001
                     62,                0.96273,                0.48768,                0.15172,                0.55944,                0.40675,                0.42384,                0.25774,                0.64549,                 0.5754,                 0.0726,                 0.0001,                 0.0001,                 0.0001
                     63,                 0.9646,                0.48547,                0.15423,                0.55942,                0.41123,                 0.4257,                0.25879,                0.64404,                0.57493,                0.07244,                 0.0001,                 0.0001,                 0.0001
                     64,                0.95138,                0.49151,                 0.1504,                0.55916,                0.41362,                0.42766,                0.25997,                0.64282,                0.57459,                0.07221,                 0.0001,                 0.0001,                 0.0001
                     65,                0.94433,                0.48953,                0.14767,                0.55892,                 0.4153,                0.42887,                0.26091,                 0.6414,                0.57438,                0.07199,                 0.0001,                 0.0001,                 0.0001
                     66,                0.94983,                0.48985,                0.14921,                0.56508,                0.41631,                0.43082,                0.26219,                0.63984,                0.57412,                0.07181,                 0.0001,                 0.0001,                 0.0001
                     67,                0.94882,                0.49049,                0.14547,                0.56321,                0.41838,                0.43178,                 0.2627,                0.63749,                0.57458,                 0.0715,                 0.0001,                 0.0001,                 0.0001
                     68,                0.94126,                0.49165,                0.14707,                0.57362,                0.41509,                0.43414,                0.26449,                 0.6369,                0.57417,                0.07152,                 0.0001,                 0.0001,                 0.0001
                     69,                0.94092,                0.48955,                0.14318,                0.57558,                0.41482,                0.43367,                0.26444,                0.63591,                 0.5735,                0.07149,                 0.0001,                 0.0001,                 0.0001
                     70,                0.94332,                0.49138,                0.14685,                0.57051,                0.42005,                0.43613,                0.26549,                0.63424,                0.57359,                0.07108,                 0.0001,                 0.0001,                 0.0001
                     71,                0.93721,                0.49235,                0.14567,                0.57179,                0.41994,                0.43738,                0.26615,                0.63345,                0.57345,                0.07106,                 0.0001,                 0.0001,                 0.0001
                     72,                0.93656,                0.49184,                 0.1426,                0.57146,                0.42206,                0.43978,                0.26801,                0.63137,                 0.5737,                0.07074,                 0.0001,                 0.0001,                 0.0001
                     73,                0.93272,                0.49067,                0.14533,                0.57135,                0.42336,                0.44078,                0.26878,                0.63064,                0.57351,                 0.0705,                 0.0001,                 0.0001,                 0.0001
                     74,                0.93915,                0.48559,                0.14604,                 0.5775,                0.42412,                0.44252,                0.26934,                 0.6299,                0.57317,                0.07036,                 0.0001,                 0.0001,                 0.0001
                     75,                0.93373,                0.49043,                0.14229,                0.58308,                0.42395,                0.44348,                0.27039,                0.62862,                0.57319,                   0.07,                 0.0001,                 0.0001,                 0.0001
                     76,                0.93763,                0.48815,                0.14701,                0.58256,                0.42603,                0.44462,                0.27081,                0.62728,                0.57285,                0.06975,                 0.0001,                 0.0001,                 0.0001
                     77,                0.93222,                0.48927,                0.14339,                0.58386,                0.42929,                 0.4471,                0.27256,                0.62649,                0.57253,                0.06959,                 0.0001,                 0.0001,                 0.0001
                     78,                0.93138,                0.48943,                0.14388,                0.59013,                0.42809,                0.44748,                 0.2728,                0.62511,                0.57272,                0.06938,                 0.0001,                 0.0001,                 0.0001
                     79,                0.92365,                0.49173,                 0.1421,                0.58817,                0.42945,                0.44866,                0.27405,                0.62355,                 0.5727,                0.06904,                 0.0001,                 0.0001,                 0.0001
                     80,                0.93025,                0.48907,                0.14546,                0.58608,                0.43096,                 0.4494,                0.27439,                0.62292,                0.57217,                0.06911,                 0.0001,                 0.0001,                 0.0001
                     81,                0.92506,                0.48908,                0.14385,                0.58798,                0.43041,                0.45032,                0.27503,                0.62205,                0.57198,                0.06891,                 0.0001,                 0.0001,                 0.0001
                     82,                0.91261,                0.49206,                 0.1398,                0.58757,                0.43196,                0.45116,                0.27527,                0.62057,                0.57211,                0.06871,                 0.0001,                 0.0001,                 0.0001
                     83,                0.91814,                0.49092,                0.14172,                 0.5869,                0.43519,                 0.4539,                0.27665,                0.62008,                 0.5718,                0.06868,                 0.0001,                 0.0001,                 0.0001
                     84,                0.90854,                0.49163,                0.13667,                0.58601,                0.43749,                0.45474,                 0.2771,                 0.6196,                0.57163,                0.06856,                 0.0001,                 0.0001,                 0.0001
                     85,                 0.9132,                 0.4907,                0.13826,                0.58938,                0.43685,                0.45602,                0.27785,                 0.6187,                0.57137,                0.06857,                 0.0001,                 0.0001,                 0.0001
                     86,                 0.9078,                0.49117,                0.13504,                0.58896,                0.43782,                0.45676,                0.27866,                0.61777,                0.57136,                0.06821,                 0.0001,                 0.0001,                 0.0001
                     87,                 0.9146,                0.49031,                 0.1378,                0.59139,                0.43973,                0.45763,                0.27934,                0.61656,                 0.5715,                0.06799,                 0.0001,                 0.0001,                 0.0001
                     88,                0.90716,                0.49084,                0.13639,                0.58868,                0.44106,                0.45808,                0.27981,                0.61594,                0.57159,                0.06801,                 0.0001,                 0.0001,                 0.0001
                     89,                0.91813,                0.48787,                0.13912,                0.58787,                0.44275,                0.45873,                0.28068,                0.61527,                0.57152,                0.06776,                 0.0001,                 0.0001,                 0.0001
                     90,                0.91059,                0.49258,                0.13794,                0.59114,                0.44267,                0.46019,                0.28116,                0.61447,                0.57162,                0.06764,                 0.0001,                 0.0001,                 0.0001
                     91,                0.91321,                0.48818,                0.13783,                0.58989,                0.44369,                0.46046,                0.28151,                0.61319,                 0.5718,                0.06739,                 0.0001,                 0.0001,                 0.0001
                     92,                0.90455,                0.49131,                0.13371,                0.59199,                0.44362,                0.46139,                0.28209,                0.61262,                0.57188,                0.06749,                 0.0001,                 0.0001,                 0.0001
                     93,                0.90859,                0.48902,                0.13718,                0.59488,                0.44386,                0.46151,                0.28206,                  0.612,                0.57134,                0.06729,                 0.0001,                 0.0001,                 0.0001
                     94,                0.89582,                0.49296,                0.13642,                0.59738,                0.44283,                0.46244,                0.28283,                0.61146,                0.57178,                 0.0673,                 0.0001,                 0.0001,                 0.0001
                     95,                 0.9055,                0.48889,                0.13672,                 0.5968,                0.44333,                0.46281,                0.28331,                0.61032,                0.57193,                0.06708,                 0.0001,                 0.0001,                 0.0001
                     96,                0.89436,                0.49212,                0.13467,                0.59507,                0.44341,                0.46383,                0.28417,                0.60997,                0.57152,                0.06694,                 0.0001,                 0.0001,                 0.0001
                     97,                0.90673,                0.48784,                0.13893,                0.59377,                 0.4453,                0.46451,                0.28435,                0.60895,                0.57179,                0.06685,                 0.0001,                 0.0001,                 0.0001
                     98,                0.90217,                0.48928,                0.13709,                 0.5962,                0.44485,                0.46578,                0.28542,                0.60866,                0.57167,                0.06702,                 0.0001,                 0.0001,                 0.0001
                     99,                0.89695,                0.49106,                0.13253,                0.59662,                0.44702,                0.46623,                0.28572,                0.60795,                0.57171,                0.06701,                 0.0001,                 0.0001,                 0.0001
                    100,                0.90027,                 0.4875,                0.13565,                0.59767,                0.44599,                0.46719,                0.28596,                0.60728,                0.57176,                0.06664,                 0.0001,                 0.0001,                 0.0001
                    101,                0.88886,                0.49222,                0.13539,                0.60356,                 0.4445,                0.46786,                 0.2864,                0.60623,                0.57208,                0.06644,                 0.0001,                 0.0001,                 0.0001
                    102,                0.89394,                 0.4902,                0.13489,                0.60114,                0.44761,                 0.4693,                0.28751,                0.60584,                0.57183,                0.06615,                 0.0001,                 0.0001,                 0.0001
                    103,                0.89946,                0.48743,                0.13546,                0.60344,                0.44791,                0.46952,                0.28786,                0.60491,                0.57198,                0.06614,                 0.0001,                 0.0001,                 0.0001
                    104,                0.89492,                0.48752,                0.13694,                0.60089,                  0.449,                0.46851,                0.28746,                0.60358,                0.57222,                0.06575,                 0.0001,                 0.0001,                 0.0001
                    105,                 0.8807,                0.49294,                0.12776,                0.60428,                0.44904,                0.46932,                0.28812,                0.60319,                0.57187,                0.06575,                 0.0001,                 0.0001,                 0.0001
                    106,                0.88733,                0.49183,                0.13256,                0.60038,                0.45088,                0.46968,                 0.2885,                0.60255,                0.57181,                0.06564,                 0.0001,                 0.0001,                 0.0001
                    107,                0.87609,                0.49153,                0.12874,                0.60661,                0.44963,                 0.4701,                0.28869,                0.60235,                0.57192,                0.06558,                 0.0001,                 0.0001,                 0.0001
                    108,                0.89985,                0.48602,                0.13348,                0.60686,                0.44884,                0.47047,                0.28921,                0.60214,                0.57191,                0.06545,                 0.0001,                 0.0001,                 0.0001
                    109,                0.88115,                0.48942,                0.13139,                0.60503,                0.45031,                0.47157,                0.28936,                0.60169,                0.57202,                0.06544,                 0.0001,                 0.0001,                 0.0001
                    110,                0.88455,                0.49125,                0.13286,                0.60401,                0.45135,                0.47246,                0.29058,                0.60158,                0.57163,                 0.0654,                 0.0001,                 0.0001,                 0.0001
                    111,                0.88687,                0.49119,                0.13346,                0.60406,                 0.4498,                0.47193,                0.29036,                0.60073,                0.57184,                0.06511,                 0.0001,                 0.0001,                 0.0001
                    112,                0.88149,                0.49127,                0.13181,                0.60492,                0.45141,                0.47289,                0.29099,                0.59989,                0.57195,                0.06516,                 0.0001,                 0.0001,                 0.0001
                    113,                0.87449,                0.49188,                0.13006,                0.60501,                0.45145,                0.47357,                0.29149,                 0.5992,                0.57159,                0.06495,                 0.0001,                 0.0001,                 0.0001
                    114,                0.87649,                0.49177,                0.12895,                  0.602,                0.45407,                0.47353,                0.29147,                 0.5988,                0.57133,                0.06493,                 0.0001,                 0.0001,                 0.0001
                    115,                0.88506,                 0.4882,                 0.1337,                0.60316,                0.45447,                0.47455,                0.29204,                0.59859,                0.57115,                0.06485,                 0.0001,                 0.0001,                 0.0001
                    116,                0.87184,                0.49265,                0.12686,                0.60368,                0.45511,                 0.4749,                0.29197,                0.59799,                0.57085,                0.06479,                 0.0001,                 0.0001,                 0.0001
                    117,                0.87116,                0.49111,                0.12904,                 0.6071,                  0.456,                0.47659,                0.29295,                0.59792,                0.57074,                0.06479,                 0.0001,                 0.0001,                 0.0001
                    118,                0.87266,                0.48838,                0.12921,                0.60801,                0.45621,                0.47671,                0.29309,                0.59772,                0.57077,                 0.0647,                 0.0001,                 0.0001,                 0.0001
                    119,                0.87725,                0.48895,                 0.1278,                0.60978,                0.45714,                0.47773,                0.29381,                0.59717,                0.57053,                0.06455,                 0.0001,                 0.0001,                 0.0001
                    120,                 0.8673,                0.49126,                0.12693,                0.60929,                0.45608,                 0.4778,                0.29416,                0.59651,                0.57021,                 0.0643,                 0.0001,                 0.0001,                 0.0001
                    121,                0.88045,                0.49005,                0.13026,                0.60613,                0.45662,                0.47814,                0.29431,                0.59593,                0.57065,                0.06441,                 0.0001,                 0.0001,                 0.0001
                    122,                0.86913,                0.49026,                0.12808,                 0.6055,                0.46093,                0.47897,                0.29513,                0.59529,                0.57036,                0.06428,                 0.0001,                 0.0001,                 0.0001
                    123,                0.88059,                0.48887,                0.12951,                0.60595,                0.46062,                0.48053,                0.29545,                0.59496,                0.57016,                0.06429,                 0.0001,                 0.0001,                 0.0001
                    124,                0.88172,                 0.4856,                0.13074,                0.60782,                0.46218,                0.48096,                0.29588,                0.59436,                0.57019,                0.06427,                 0.0001,                 0.0001,                 0.0001
                    125,                0.87285,                0.48935,                0.13139,                0.60914,                0.45963,                0.48015,                0.29527,                 0.5939,                0.57016,                0.06429,                 0.0001,                 0.0001,                 0.0001
                    126,                0.88003,                0.48763,                0.13342,                0.60692,                0.46021,                0.48065,                 0.2955,                0.59342,                0.56985,                0.06428,                 0.0001,                 0.0001,                 0.0001
                    127,                0.85727,                0.49003,                0.12477,                0.60974,                0.45957,                0.48056,                0.29564,                0.59304,                0.56986,                 0.0641,                 0.0001,                 0.0001,                 0.0001
                    128,                0.86277,                0.49103,                0.12413,                0.60552,                0.46033,                0.48124,                0.29639,                0.59253,                0.57019,                0.06411,                 0.0001,                 0.0001,                 0.0001
                    129,                0.87821,                0.48639,                0.12734,                0.60787,                0.46109,                0.48269,                0.29732,                0.59209,                0.57044,                0.06375,                 0.0001,                 0.0001,                 0.0001
                    130,                0.87012,                0.49024,                0.12669,                0.60821,                0.46071,                0.48227,                0.29703,                0.59164,                0.57084,                0.06375,                 0.0001,                 0.0001,                 0.0001
                    131,                0.87456,                 0.4894,                0.13017,                0.61015,                0.45986,                0.48269,                0.29765,                 0.5909,                0.57099,                0.06366,                 0.0001,                 0.0001,                 0.0001
                    132,                0.86824,                0.48937,                0.12744,                0.61183,                0.45942,                0.48314,                0.29775,                0.59047,                0.57116,                0.06371,                 0.0001,                 0.0001,                 0.0001
                    133,                0.86443,                0.48901,                0.12608,                0.61297,                0.45989,                 0.4834,                0.29803,                0.58995,                0.57126,                0.06379,                 0.0001,                 0.0001,                 0.0001
                    134,                0.86226,                0.49157,                0.12609,                0.61216,                0.46093,                0.48419,                0.29867,                0.58946,                0.57089,                0.06379,                 0.0001,                 0.0001,                 0.0001
                    135,                0.86486,                0.48884,                0.12642,                0.61508,                 0.4611,                0.48447,                0.29873,                 0.5885,                0.57145,                0.06365,                 0.0001,                 0.0001,                 0.0001
                    136,                0.86483,                0.49052,                0.12724,                0.61471,                0.46321,                0.48574,                0.29968,                 0.5883,                0.57119,                0.06369,                 0.0001,                 0.0001,                 0.0001
                    137,                0.86544,                0.48878,                 0.1271,                0.61508,                0.46189,                0.48542,                0.29943,                0.58773,                0.57126,                 0.0635,                 0.0001,                 0.0001,                 0.0001
                    138,                0.85608,                0.48921,                0.12164,                0.61337,                0.46324,                 0.4866,                0.30013,                0.58714,                 0.5713,                0.06327,                 0.0001,                 0.0001,                 0.0001
                    139,                0.84873,                0.48963,                  0.122,                0.61675,                 0.4622,                0.48683,                0.30023,                0.58766,                0.57112,                0.06338,                 0.0001,                 0.0001,                 0.0001
                    140,                0.85744,                0.49267,                0.12374,                0.61644,                0.46319,                0.48734,                0.30063,                0.58739,                0.57071,                0.06311,                 0.0001,                 0.0001,                 0.0001
                    141,                0.86213,                0.48791,                0.12772,                0.61825,                 0.4636,                0.48716,                0.30106,                0.58721,                0.57062,                 0.0632,                 0.0001,                 0.0001,                 0.0001
                    142,                0.85924,                0.49073,                0.12477,                0.61406,                0.46562,                0.48815,                0.30183,                0.58698,                 0.5706,                0.06337,                 0.0001,                 0.0001,                 0.0001
                    143,                0.87356,                0.48735,                 0.1289,                0.61736,                 0.4645,                0.48809,                0.30165,                0.58689,                0.57056,                0.06332,                 0.0001,                 0.0001,                 0.0001
                    144,                0.86442,                0.48691,                0.12665,                0.61172,                0.46616,                0.48837,                 0.3015,                 0.5872,                 0.5699,                 0.0633,                 0.0001,                 0.0001,                 0.0001
                    145,                0.84798,                0.49046,                0.12375,                0.61407,                0.46647,                0.48939,                0.30198,                0.58713,                0.56961,                0.06328,                 0.0001,                 0.0001,                 0.0001
                    146,                0.85642,                0.48848,                 0.1267,                0.61268,                0.46748,                0.48882,                0.30191,                0.58615,                0.57041,                0.06321,                 0.0001,                 0.0001,                 0.0001
                    147,                0.84842,                0.49025,                0.12245,                 0.6139,                0.46759,                0.48951,                 0.3021,                0.58561,                0.57037,                0.06329,                 0.0001,                 0.0001,                 0.0001
                    148,                0.85602,                 0.4874,                0.12506,                  0.618,                0.46696,                0.48934,                 0.3022,                0.58551,                0.56993,                0.06307,                 0.0001,                 0.0001,                 0.0001
                    149,                0.85784,                0.48531,                0.12714,                 0.6176,                0.46772,                0.48948,                0.30265,                0.58509,                0.57015,                0.06269,                 0.0001,                 0.0001,                 0.0001
                    150,                0.84932,                0.49073,                0.12124,                0.61508,                0.47007,                0.49059,                0.30288,                0.58435,                0.57021,                0.06239,                 0.0001,                 0.0001,                 0.0001
                    151,                0.85326,                0.48794,                0.12375,                0.61298,                0.47338,                0.49157,                0.30355,                0.58415,                0.57036,                 0.0625,                 0.0001,                 0.0001,                 0.0001
                    152,                0.84456,                0.48996,                0.12278,                0.61583,                 0.4735,                0.49262,                0.30351,                0.58383,                 0.5704,                0.06231,                 0.0001,                 0.0001,                 0.0001
                    153,                0.85321,                0.48573,                0.12582,                0.61412,                  0.476,                0.49254,                0.30359,                0.58304,                0.57059,                0.06219,                 0.0001,                 0.0001,                 0.0001
                    154,                0.85298,                0.48758,                0.12373,                0.61348,                0.47621,                0.49334,                0.30442,                0.58273,                0.57038,                0.06219,                 0.0001,                 0.0001,                 0.0001
                    155,                0.84779,                0.48867,                0.12024,                0.61672,                0.47514,                0.49282,                0.30415,                 0.5829,                 0.5697,                 0.0621,                 0.0001,                 0.0001,                 0.0001
                    156,                0.85497,                0.48582,                0.12372,                0.61325,                0.47651,                 0.4933,                0.30415,                0.58221,                0.56973,                0.06224,                 0.0001,                 0.0001,                 0.0001
                    157,                0.86399,                0.48264,                0.12853,                0.61026,                 0.4777,                0.49279,                0.30419,                0.58218,                0.56979,                0.06236,                 0.0001,                 0.0001,                 0.0001
                    158,                0.84351,                0.48762,                0.12278,                0.61531,                0.47407,                0.49267,                0.30396,                0.58167,                0.57007,                0.06231,                 0.0001,                 0.0001,                 0.0001
                    159,                0.85168,                 0.4862,                0.12409,                0.61599,                0.47513,                0.49422,                0.30461,                0.58108,                0.57036,                0.06238,                 0.0001,                 0.0001,                 0.0001
                    160,                 0.8481,                0.48536,                0.12427,                0.61736,                 0.4755,                0.49536,                0.30565,                0.58115,                0.57029,                0.06215,                 0.0001,                 0.0001,                 0.0001
                    161,                0.84755,                 0.4876,                0.12407,                0.61843,                0.47676,                 0.4959,                0.30635,                 0.5809,                0.57039,                0.06218,                 0.0001,                 0.0001,                 0.0001
                    162,                0.84319,                0.48718,                0.12098,                0.61787,                0.47629,                0.49576,                0.30602,                0.58093,                0.57008,                 0.0623,                 0.0001,                 0.0001,                 0.0001
                    163,                0.84437,                0.48547,                0.12209,                 0.6195,                0.47565,                 0.4963,                0.30641,                0.58072,                0.57003,                0.06224,                 0.0001,                 0.0001,                 0.0001
                    164,                 0.8492,                0.48651,                0.12239,                0.61749,                0.47871,                0.49759,                0.30709,                0.58039,                0.57015,                0.06204,                 0.0001,                 0.0001,                 0.0001
                    165,                  0.844,                0.49005,                 0.1234,                0.62052,                 0.4788,                0.49803,                0.30715,                0.57984,                0.57043,                0.06196,                 0.0001,                 0.0001,                 0.0001
                    166,                0.84672,                 0.4857,                0.12126,                 0.6227,                0.47745,                0.49781,                0.30732,                0.57957,                0.57027,                0.06192,                 0.0001,                 0.0001,                 0.0001
                    167,                0.83741,                0.48815,                 0.1187,                0.62338,                0.47774,                0.49735,                0.30709,                0.57995,                0.56979,                0.06202,                 0.0001,                 0.0001,                 0.0001
                    168,                0.85064,                0.48322,                0.12585,                0.62324,                0.47932,                0.49776,                0.30781,                0.57961,                0.56952,                0.06192,                 0.0001,                 0.0001,                 0.0001
                    169,                 0.8418,                0.48647,                0.12138,                0.62223,                0.47921,                0.49853,                0.30778,                0.57921,                0.57008,                0.06202,                 0.0001,                 0.0001,                 0.0001
                    170,                0.84205,                0.48656,                 0.1214,                0.62039,                0.47827,                0.49783,                0.30784,                0.57932,                0.57003,                0.06211,                 0.0001,                 0.0001,                 0.0001
                    171,                0.83281,                0.48872,                0.11972,                 0.6211,                0.47657,                0.49725,                 0.3077,                0.57948,                0.56971,                0.06208,                 0.0001,                 0.0001,                 0.0001
                    172,                0.83725,                0.48742,                0.12055,                0.62112,                0.47654,                0.49771,                0.30761,                0.57947,                0.56923,                 0.0622,                 0.0001,                 0.0001,                 0.0001
                    173,                0.84089,                 0.4861,                0.12113,                0.62093,                0.47744,                0.49697,                 0.3072,                0.57908,                0.56962,                0.06211,                 0.0001,                 0.0001,                 0.0001
                    174,                 0.8424,                 0.4866,                0.12079,                0.61905,                0.47911,                0.49744,                 0.3074,                0.57836,                0.57001,                0.06186,                 0.0001,                 0.0001,                 0.0001
                    175,                0.83076,                0.48833,                0.11858,                0.61919,                0.47794,                0.49798,                0.30794,                0.57791,                 0.5704,                0.06206,                 0.0001,                 0.0001,                 0.0001
                    176,                0.83873,                0.48634,                0.11968,                0.62261,                0.47681,                0.49799,                0.30799,                0.57759,                0.57058,                0.06183,                 0.0001,                 0.0001,                 0.0001
                    177,                0.85093,                0.48342,                0.12505,                0.62315,                0.47703,                0.49821,                0.30801,                0.57783,                0.57025,                0.06197,                 0.0001,                 0.0001,                 0.0001
                    178,                 0.8409,                0.48326,                0.12031,                0.62475,                0.47769,                0.49864,                0.30851,                0.57779,                0.57003,                0.06196,                 0.0001,                 0.0001,                 0.0001
                    179,                0.83279,                0.48712,                0.11812,                0.62754,                0.47625,                0.49894,                0.30849,                0.57727,                0.57053,                0.06186,                 0.0001,                 0.0001,                 0.0001
                    180,                 0.8463,                0.48472,                0.12313,                0.62769,                0.47623,                0.49894,                0.30877,                 0.5768,                0.57068,                0.06174,                 0.0001,                 0.0001,                 0.0001
                    181,                0.82748,                0.48729,                 0.1193,                0.62417,                0.47685,                0.49869,                0.30847,                0.57664,                0.57043,                0.06171,                 0.0001,                 0.0001,                 0.0001
                    182,                 0.8355,                0.48523,                0.12093,                0.62221,                0.47841,                0.49882,                0.30851,                0.57648,                0.57031,                0.06159,                 0.0001,                 0.0001,                 0.0001
                    183,                0.83616,                0.48629,                0.12135,                0.62384,                0.47707,                0.49937,                0.30899,                0.57626,                0.57049,                0.06146,                 0.0001,                 0.0001,                 0.0001
                    184,                0.83302,                  0.487,                0.11808,                 0.6234,                0.47939,                    0.5,                0.30964,                0.57606,                0.57066,                 0.0615,                 0.0001,                 0.0001,                 0.0001
                    185,                0.82998,                0.48606,                0.11844,                0.62098,                0.48093,                0.50025,                0.30987,                0.57586,                0.57077,                0.06151,                 0.0001,                 0.0001,                 0.0001
                    186,                 0.8346,                0.48573,                 0.1198,                0.62197,                0.48183,                0.50153,                0.31055,                0.57506,                0.57123,                0.06128,                 0.0001,                 0.0001,                 0.0001
                    187,                0.82828,                0.48798,                0.12019,                0.62252,                0.48084,                0.50107,                 0.3105,                0.57547,                0.57088,                0.06158,                 0.0001,                 0.0001,                 0.0001
                    188,                0.83697,                0.48558,                0.12171,                0.62035,                0.48353,                0.50135,                0.31048,                0.57523,                0.57079,                0.06139,                 0.0001,                 0.0001,                 0.0001
                    189,                0.83267,                0.48656,                0.11884,                0.62327,                0.48323,                0.50206,                0.31104,                0.57448,                0.57091,                0.06124,                 0.0001,                 0.0001,                 0.0001
                    190,                0.84213,                0.48498,                0.12047,                0.62009,                0.48291,                0.50173,                0.31092,                0.57448,                0.57098,                0.06128,                 0.0001,                 0.0001,                 0.0001
                    191,                0.83467,                0.48593,                0.11679,                0.62253,                0.48155,                0.50163,                0.31095,                0.57437,                 0.5709,                0.06114,                 0.0001,                 0.0001,                 0.0001
                    192,                0.83021,                0.48452,                0.11881,                0.62225,                0.48298,                0.50228,                 0.3113,                0.57446,                0.57032,                0.06128,                 0.0001,                 0.0001,                 0.0001
                    193,                0.83484,                0.48348,                0.12203,                 0.6208,                0.48319,                0.50168,                0.31113,                0.57406,                0.57082,                 0.0612,                 0.0001,                 0.0001,                 0.0001
                    194,                0.83836,                0.48172,                0.12026,                0.62333,                0.48338,                0.50177,                0.31097,                0.57358,                0.57111,                0.06129,                 0.0001,                 0.0001,                 0.0001
                    195,                0.82944,                0.48728,                0.11939,                0.62248,                0.48338,                0.50168,                0.31118,                0.57386,                 0.5708,                0.06123,                 0.0001,                 0.0001,                 0.0001
                    196,                0.83608,                0.48504,                0.12156,                0.62042,                0.48454,                0.50156,                0.31104,                0.57401,                0.57055,                0.06122,                 0.0001,                 0.0001,                 0.0001
                    197,                0.83998,                0.48224,                0.12177,                0.62046,                0.48286,                0.50163,                0.31137,                0.57419,                0.57039,                0.06136,                 0.0001,                 0.0001,                 0.0001
                    198,                0.82787,                 0.4841,                0.11831,                0.62294,                0.48402,                0.50156,                0.31093,                0.57478,                 0.5701,                0.06157,                 0.0001,                 0.0001,                 0.0001
                    199,                 0.8277,                0.48378,                0.12036,                0.62475,                0.48444,                0.50227,                 0.3116,                0.57464,                0.57013,                0.06158,                 0.0001,                 0.0001,                 0.0001
                    200,                0.82953,                0.48365,                0.11771,                0.62298,                0.48482,                0.50233,                0.31172,                 0.5744,                0.56998,                0.06153,                 0.0001,                 0.0001,                 0.0001
                    201,                0.83216,                0.48456,                0.11914,                0.62294,                0.48386,                0.50192,                0.31153,                0.57396,                0.57017,                0.06137,                 0.0001,                 0.0001,                 0.0001
                    202,                0.82982,                0.48262,                 0.1198,                0.62448,                0.48272,                0.50169,                 0.3112,                0.57472,                0.56944,                0.06178,                 0.0001,                 0.0001,                 0.0001
                    203,                0.82445,                0.48375,                 0.1197,                 0.6268,                0.48226,                0.50225,                0.31159,                 0.5745,                0.56925,                 0.0615,                 0.0001,                 0.0001,                 0.0001
                    204,                0.82859,                0.48386,                0.11892,                0.62442,                0.48419,                0.50261,                0.31168,                0.57425,                0.56989,                0.06144,                 0.0001,                 0.0001,                 0.0001
                    205,                0.82452,                0.48289,                0.11663,                0.62102,                0.48603,                0.50286,                0.31185,                0.57425,                0.56931,                 0.0615,                 0.0001,                 0.0001,                 0.0001
                    206,                0.81916,                0.48503,                0.11464,                0.62297,                0.48391,                0.50314,                0.31191,                0.57444,                0.56926,                0.06165,                 0.0001,                 0.0001,                 0.0001
                    207,                0.83146,                  0.483,                0.11804,                0.62564,                 0.4828,                0.50327,                0.31178,                0.57422,                0.56932,                0.06159,                 0.0001,                 0.0001,                 0.0001
                    208,                0.83406,                0.48171,                0.12041,                0.62477,                0.48348,                0.50296,                0.31172,                0.57398,                0.56977,                0.06162,                 0.0001,                 0.0001,                 0.0001
                    209,                0.81557,                0.48616,                0.11472,                 0.6219,                0.48363,                0.50235,                0.31143,                0.57456,                0.56952,                0.06181,                 0.0001,                 0.0001,                 0.0001
                    210,                 0.8238,                0.48397,                0.11621,                0.62519,                0.48286,                 0.5035,                0.31225,                0.57459,                0.56939,                0.06157,                 0.0001,                 0.0001,                 0.0001
                    211,                0.81896,                0.48588,                0.11595,                0.62177,                0.48386,                0.50286,                0.31195,                0.57397,                0.56964,                0.06149,                 0.0001,                 0.0001,                 0.0001
                    212,                0.81132,                0.48723,                0.11201,                0.62274,                0.48343,                0.50308,                0.31187,                0.57359,                0.56994,                0.06133,                 0.0001,                 0.0001,                 0.0001
                    213,                0.81982,                 0.4842,                0.11672,                0.62477,                0.48336,                  0.503,                0.31187,                0.57373,                0.56966,                0.06128,                 0.0001,                 0.0001,                 0.0001
                    214,                 0.8126,                0.48525,                0.11665,                0.62495,                0.48454,                0.50338,                0.31277,                0.57292,                0.56999,                0.06119,                 0.0001,                 0.0001,                 0.0001
                    215,                0.81629,                 0.4842,                0.11556,                0.62736,                0.48556,                0.50429,                0.31316,                0.57304,                0.57022,                0.06147,                 0.0001,                 0.0001,                 0.0001
                    216,                0.81363,                0.48397,                0.11427,                0.62763,                0.48501,                0.50453,                0.31335,                0.57311,                0.57009,                0.06143,                 0.0001,                 0.0001,                 0.0001
                    217,                0.81346,                0.48425,                0.11409,                0.62743,                 0.4868,                0.50559,                0.31401,                0.57244,                0.57004,                0.06104,                 0.0001,                 0.0001,                 0.0001
                    218,                0.81568,                0.48328,                0.11669,                0.62903,                0.48434,                0.50545,                0.31399,                0.57246,                0.56996,                0.06097,                 0.0001,                 0.0001,                 0.0001
                    219,                0.81771,                 0.4822,                0.11466,                0.63021,                0.48479,                0.50588,                0.31442,                0.57198,                0.57033,                0.06085,                 0.0001,                 0.0001,                 0.0001
                    220,                0.82655,                0.48176,                0.11732,                0.62954,                0.48535,                0.50646,                0.31477,                0.57186,                0.57025,                0.06066,                 0.0001,                 0.0001,                 0.0001
                    221,                0.81773,                0.48366,                0.11661,                0.62937,                0.48583,                0.50674,                0.31488,                0.57182,                0.56968,                0.06068,                 0.0001,                 0.0001,                 0.0001
                    222,                0.81515,                0.48247,                0.11633,                0.63169,                 0.4843,                0.50615,                0.31403,                0.57208,                0.56929,                 0.0606,                 0.0001,                 0.0001,                 0.0001
                    223,                0.81826,                0.48384,                0.11619,                0.62963,                0.48665,                 0.5061,                0.31435,                0.57144,                 0.5697,                0.06043,                 0.0001,                 0.0001,                 0.0001
                    224,                0.80952,                 0.4824,                0.11496,                0.62976,                0.48754,                0.50632,                0.31449,                0.57113,                0.56976,                0.06038,                 0.0001,                 0.0001,                 0.0001
                    225,                0.80894,                0.48467,                0.11134,                0.62915,                0.48884,                0.50671,                0.31427,                0.57074,                0.56979,                0.06033,                 0.0001,                 0.0001,                 0.0001
                    226,                0.81592,                0.48315,                0.11743,                0.63145,                0.48576,                0.50582,                0.31411,                0.57053,                0.56987,                0.06036,                 0.0001,                 0.0001,                 0.0001
                    227,                 0.8189,                 0.4809,                0.11604,                0.63399,                0.48665,                0.50613,                0.31431,                0.57001,                0.57022,                0.06022,                 0.0001,                 0.0001,                 0.0001
                    228,                0.82564,                0.47969,                0.11743,                0.63014,                0.48927,                0.50637,                 0.3149,                 0.5705,                0.56978,                0.06041,                 0.0001,                 0.0001,                 0.0001
                    229,                0.81606,                 0.4822,                0.11504,                 0.6306,                  0.487,                0.50697,                 0.3153,                0.57019,                0.57001,                0.06041,                 0.0001,                 0.0001,                 0.0001
                    230,                0.81342,                0.48299,                0.11685,                0.62735,                0.48851,                0.50778,                0.31565,                0.57026,                0.57012,                0.06036,                 0.0001,                 0.0001,                 0.0001
                    231,                  0.821,                0.48068,                0.11655,                0.62584,                0.48949,                0.50737,                0.31538,                0.57031,                0.56984,                0.06037,                 0.0001,                 0.0001,                 0.0001
                    232,                0.80961,                0.48238,                 0.1135,                0.62657,                0.48979,                0.50774,                0.31557,                0.57057,                0.56976,                0.06027,                 0.0001,                 0.0001,                 0.0001
                    233,                0.80799,                0.48275,                0.11348,                0.62774,                  0.492,                0.50859,                 0.3163,                0.57032,                0.56974,                0.05997,                 0.0001,                 0.0001,                 0.0001
                    234,                0.81064,                0.48269,                0.11395,                0.62824,                0.49355,                0.50956,                0.31718,                0.57037,                0.57003,                0.06015,                 0.0001,                 0.0001,                 0.0001
                    235,                0.81055,                0.48187,                0.11233,                0.62914,                0.49385,                0.50901,                0.31704,                0.57078,                0.56971,                0.06007,                 0.0001,                 0.0001,                 0.0001
                    236,                0.80769,                0.48174,                 0.1138,                 0.6309,                0.49289,                   0.51,                0.31746,                0.57015,                0.56984,                0.05997,                 0.0001,                 0.0001,                 0.0001
                    237,                0.81826,                0.47924,                0.11635,                0.63451,                0.49269,                0.50965,                 0.3173,                0.56984,                0.57013,                 0.0599,                 0.0001,                 0.0001,                 0.0001
                    238,                0.81426,                0.48015,                 0.1141,                0.63951,                0.49034,                0.50976,                0.31747,                0.56977,                0.57024,                0.05971,                 0.0001,                 0.0001,                 0.0001
                    239,                0.81246,                0.48178,                0.11658,                0.63567,                0.49022,                0.50914,                 0.3165,                0.56967,                 0.5702,                0.05969,                 0.0001,                 0.0001,                 0.0001
                    240,                0.79682,                0.48276,                0.11172,                0.64004,                0.49021,                0.50914,                0.31674,                0.57018,                0.56986,                0.05995,                 0.0001,                 0.0001,                 0.0001
                    241,                0.81267,                0.47971,                0.11417,                0.63773,                0.49111,                0.50991,                0.31722,                0.56965,                0.57022,                0.05978,                 0.0001,                 0.0001,                 0.0001
                    242,                0.81422,                0.48038,                0.11588,                0.63643,                0.49109,                0.50976,                0.31691,                0.57005,                0.56993,                 0.0599,                 0.0001,                 0.0001,                 0.0001
                    243,                0.80387,                0.48192,                 0.1113,                0.63594,                0.49187,                 0.5098,                0.31688,                0.56942,                0.57021,                0.05982,                 0.0001,                 0.0001,                 0.0001
                    244,                0.80801,                0.48123,                0.11377,                0.63635,                0.49082,                0.50979,                0.31712,                0.56951,                0.57053,                0.05981,                 0.0001,                 0.0001,                 0.0001
                    245,                0.82115,                0.47665,                0.11781,                0.63874,                0.49119,                0.51009,                0.31775,                0.56925,                0.57086,                 0.0596,                 0.0001,                 0.0001,                 0.0001
                    246,                0.80977,                 0.4815,                0.11478,                0.63988,                0.49003,                0.51027,                0.31791,                0.56897,                0.57079,                0.05955,                 0.0001,                 0.0001,                 0.0001
                    247,                0.81541,                0.48071,                0.11433,                 0.6403,                0.48856,                0.51025,                0.31771,                0.56928,                0.57027,                0.05969,                 0.0001,                 0.0001,                 0.0001
                    248,                0.81029,                0.48078,                0.11459,                 0.6384,                0.48991,                0.50975,                0.31743,                0.56902,                0.57033,                0.05987,                 0.0001,                 0.0001,                 0.0001
                    249,                0.80917,                0.48117,                0.11507,                0.64074,                0.48943,                0.50982,                0.31775,                0.56898,                0.57066,                0.05996,                 0.0001,                 0.0001,                 0.0001
                    250,                0.79386,                0.48325,                 0.1086,                0.63654,                0.48836,                0.50987,                0.31762,                0.56875,                0.57061,                0.06016,                 0.0001,                 0.0001,                 0.0001
                    251,                0.80419,                0.48078,                 0.1132,                0.63687,                0.48911,                0.50982,                0.31789,                0.56765,                0.57132,                0.05988,                 0.0001,                 0.0001,                 0.0001
                    252,                0.80338,                0.48051,                0.11131,                0.64216,                0.48875,                0.51089,                0.31834,                0.56771,                0.57073,                0.05978,                 0.0001,                 0.0001,                 0.0001
                    253,                0.80562,                0.48128,                 0.1144,                0.64017,                0.48847,                0.51093,                0.31821,                0.56712,                0.57144,                0.05971,                 0.0001,                 0.0001,                 0.0001
                    254,                0.80917,                0.47942,                0.11349,                0.63971,                0.49036,                0.51114,                0.31863,                0.56779,                0.57088,                0.06008,                 0.0001,                 0.0001,                 0.0001
                    255,                0.79938,                0.47915,                 0.1122,                0.63652,                 0.4899,                0.51066,                0.31807,                0.56809,                0.57117,                0.06019,                 0.0001,                 0.0001,                 0.0001
                    256,                0.80269,                0.48051,                0.11004,                0.63577,                0.49123,                0.51128,                0.31849,                0.56773,                0.57113,                0.05986,                 0.0001,                 0.0001,                 0.0001
                    257,                0.80245,                0.48044,                0.11202,                0.63161,                0.49209,                0.51089,                0.31816,                0.56834,                0.57072,                0.05996,                 0.0001,                 0.0001,                 0.0001
                    258,                0.80321,                0.47782,                0.11244,                0.63067,                0.49241,                 0.5108,                0.31842,                0.56778,                0.57127,                0.05984,                 0.0001,                 0.0001,                 0.0001
                    259,                0.79715,                0.48052,                0.11107,                0.62988,                0.49257,                0.51049,                0.31776,                0.56819,                0.57081,                0.06011,                 0.0001,                 0.0001,                 0.0001
                    260,                0.79624,                 0.4813,                0.11032,                0.63313,                0.49183,                0.51092,                0.31823,                0.56708,                0.57161,                 0.0598,                 0.0001,                 0.0001,                 0.0001
                    261,                0.80779,                0.47926,                0.11544,                0.63499,                0.49186,                0.51141,                0.31841,                0.56725,                0.57183,                0.05983,                 0.0001,                 0.0001,                 0.0001
                    262,                0.80958,                0.47694,                0.11704,                0.63121,                0.49426,                  0.511,                0.31809,                0.56744,                0.57155,                0.05987,                 0.0001,                 0.0001,                 0.0001
                    263,                0.79051,                0.48211,                0.10924,                0.63289,                0.49368,                0.51239,                0.31875,                0.56725,                0.57175,                0.05982,                 0.0001,                 0.0001,                 0.0001
                    264,                0.79717,                0.48055,                 0.1108,                0.64151,                0.48987,                0.51244,                0.31883,                0.56724,                0.57154,                0.06005,                 0.0001,                 0.0001,                 0.0001
                    265,                0.80428,                0.47869,                0.11465,                  0.644,                 0.4864,                0.51206,                0.31855,                0.56758,                0.57155,                   0.06,                 0.0001,                 0.0001,                 0.0001
                    266,                0.79771,                0.47916,                0.11316,                0.63687,                0.49216,                0.51273,                0.31877,                0.56758,                0.57196,                0.06001,                 0.0001,                 0.0001,                 0.0001
                    267,                0.79455,                0.47992,                0.10935,                0.63944,                0.49161,                0.51364,                0.31951,                0.56725,                0.57149,                0.05986,                 0.0001,                 0.0001,                 0.0001
                    268,                0.79681,                0.47941,                0.11186,                0.63791,                0.49117,                0.51322,                0.31935,                0.56697,                0.57182,                0.05978,                 0.0001,                 0.0001,                 0.0001
                    269,                0.78677,                0.48029,                0.11004,                0.63877,                0.49056,                0.51265,                0.31912,                0.56721,                0.57149,                0.05976,                 0.0001,                 0.0001,                 0.0001
                    270,                0.79568,                0.47656,                0.10962,                0.63868,                0.48989,                0.51361,                0.32002,                0.56736,                0.57124,                0.05993,                 0.0001,                 0.0001,                 0.0001
                    271,                 0.7924,                0.47946,                0.11144,                0.63992,                0.49099,                0.51434,                0.32017,                 0.5672,                0.57107,                0.05989,                 0.0001,                 0.0001,                 0.0001
                    272,                0.78253,                  0.481,                0.10803,                0.64409,                0.48894,                 0.5144,                0.32039,                0.56686,                 0.5711,                0.05982,                 0.0001,                 0.0001,                 0.0001
                    273,                0.81045,                 0.4764,                0.11605,                0.64337,                0.48768,                0.51406,                0.32019,                0.56664,                0.57151,                0.05977,                 0.0001,                 0.0001,                 0.0001
                    274,                0.80746,                0.47726,                0.11397,                0.63847,                0.49089,                0.51456,                0.32029,                0.56702,                0.57142,                0.05973,                 0.0001,                 0.0001,                 0.0001
                    275,                0.78631,                0.48298,                0.10937,                0.63904,                0.49443,                0.51536,                0.32137,                0.56654,                0.57204,                0.05976,                 0.0001,                 0.0001,                 0.0001
                    276,                0.80029,                0.47679,                0.11291,                0.63551,                0.49476,                0.51557,                0.32104,                0.56656,                0.57223,                0.05964,                 0.0001,                 0.0001,                 0.0001
                    277,                0.79108,                0.47917,                0.11144,                0.63584,                0.49501,                0.51546,                0.32126,                0.56673,                0.57224,                0.05965,                 0.0001,                 0.0001,                 0.0001
                    278,                0.79299,                0.47907,                0.11128,                0.63527,                 0.4933,                0.51451,                0.32078,                0.56682,                0.57258,                0.05955,                 0.0001,                 0.0001,                 0.0001
                    279,                0.79324,                0.47782,                0.11088,                 0.6374,                0.49321,                0.51474,                0.32119,                0.56631,                0.57239,                0.05959,                 0.0001,                 0.0001,                 0.0001
                    280,                0.79556,                0.47852,                0.11319,                0.63653,                0.49348,                0.51523,                0.32152,                0.56636,                0.57245,                0.05959,                 0.0001,                 0.0001,                 0.0001
                    281,                0.78718,                0.47963,                0.10767,                0.63629,                0.49323,                 0.5155,                 0.3217,                0.56658,                0.57231,                0.05956,                 0.0001,                 0.0001,                 0.0001
                    282,                0.79355,                0.47894,                0.11123,                0.63691,                0.49431,                0.51553,                0.32195,                0.56613,                0.57256,                0.05953,                 0.0001,                 0.0001,                 0.0001
                    283,                 0.7922,                0.47946,                0.10945,                0.63755,                0.49329,                0.51565,                0.32211,                0.56609,                0.57253,                0.05962,                 0.0001,                 0.0001,                 0.0001
                    284,                0.79451,                0.47735,                 0.1145,                0.63782,                0.49432,                0.51652,                0.32253,                 0.5661,                0.57252,                0.05959,                 0.0001,                 0.0001,                 0.0001
                    285,                0.78111,                0.48097,                0.10805,                0.63864,                0.49368,                0.51521,                0.32162,                0.56577,                 0.5726,                0.05951,                 0.0001,                 0.0001,                 0.0001
                    286,                0.79496,                0.47739,                0.11245,                0.63939,                0.49407,                0.51499,                0.32139,                0.56617,                0.57257,                0.05963,                 0.0001,                 0.0001,                 0.0001
                    287,                0.78266,                0.47983,                0.10717,                0.63911,                0.49331,                0.51483,                 0.3213,                 0.5664,                0.57268,                 0.0597,                 0.0001,                 0.0001,                 0.0001
                    288,                0.80026,                0.47638,                0.11379,                0.63679,                0.49527,                0.51464,                0.32131,                0.56667,                0.57244,                0.05961,                 0.0001,                 0.0001,                 0.0001
                    289,                0.78493,                0.47971,                0.10711,                0.63628,                0.49524,                0.51404,                0.32079,                0.56653,                0.57234,                0.05951,                 0.0001,                 0.0001,                 0.0001
                    290,                0.78638,                0.47701,                0.10803,                0.62944,                0.49689,                0.51349,                0.32052,                0.56618,                0.57275,                0.05944,                 0.0001,                 0.0001,                 0.0001
                    291,                0.78953,                0.47707,                0.10973,                0.63123,                0.49535,                0.51315,                0.32023,                0.56562,                0.57303,                0.05945,                 0.0001,                 0.0001,                 0.0001
                    292,                0.77539,                0.47941,                0.10592,                 0.6312,                0.49512,                0.51283,                0.31985,                0.56557,                0.57302,                0.05943,                 0.0001,                 0.0001,                 0.0001
                    293,                0.78291,                0.47877,                 0.1072,                0.63142,                 0.4954,                0.51295,                0.31974,                0.56531,                0.57285,                0.05927,                 0.0001,                 0.0001,                 0.0001
                    294,                 0.7901,                0.47624,                0.11149,                0.63485,                0.49422,                0.51327,                0.31994,                0.56488,                0.57301,                 0.0592,                 0.0001,                 0.0001,                 0.0001
                    295,                 0.7856,                0.47851,                0.11012,                0.63672,                0.49397,                0.51385,                0.32006,                0.56456,                0.57288,                0.05902,                 0.0001,                 0.0001,                 0.0001
                    296,                0.78552,                0.47772,                0.10933,                0.63572,                0.49502,                0.51452,                0.32039,                0.56426,                 0.5732,                0.05892,                 0.0001,                 0.0001,                 0.0001
                    297,                0.79175,                0.47561,                0.10892,                0.63472,                0.49557,                0.51425,                0.32024,                0.56409,                 0.5733,                 0.0589,                 0.0001,                 0.0001,                 0.0001
                    298,                0.79156,                0.47523,                 0.1092,                0.63499,                0.49444,                0.51361,                0.31999,                0.56437,                0.57308,                0.05887,                 0.0001,                 0.0001,                 0.0001
                    299,                0.78581,                0.47738,                0.11051,                0.63142,                0.49532,                0.51388,                 0.3201,                0.56466,                0.57263,                0.05905,                 0.0001,                 0.0001,                 0.0001
                    300,                0.77691,                0.47977,                0.10546,                0.63137,                0.49605,                0.51452,                0.32069,                0.56462,                0.57297,                0.05918,                 0.0001,                 0.0001,                 0.0001
                    301,                0.79047,                0.47584,                0.11174,                0.63057,                0.49608,                0.51454,                 0.3208,                0.56411,                0.57339,                0.05899,                 0.0001,                 0.0001,                 0.0001
                    302,                0.78672,                0.47804,                0.10737,                0.62992,                0.49876,                0.51474,                0.32088,                0.56409,                0.57358,                0.05893,                 0.0001,                 0.0001,                 0.0001
                    303,                0.79144,                0.47417,                0.11111,                0.62914,                0.49914,                0.51507,                0.32127,                  0.564,                 0.5735,                0.05891,                 0.0001,                 0.0001,                 0.0001
                    304,                0.79335,                0.47543,                0.11094,                0.63186,                0.49817,                0.51478,                0.32125,                0.56411,                0.57348,                0.05905,                 0.0001,                 0.0001,                 0.0001
                    305,                0.77932,                0.47732,                0.10603,                0.63615,                0.49705,                0.51457,                 0.3209,                0.56394,                0.57386,                0.05912,                 0.0001,                 0.0001,                 0.0001
                    306,                 0.7897,                0.47792,                0.11113,                0.63373,                0.49705,                0.51454,                0.32084,                0.56421,                0.57397,                0.05926,                 0.0001,                 0.0001,                 0.0001
                    307,                0.78629,                0.47477,                0.11029,                0.63426,                0.49722,                0.51474,                 0.3214,                0.56466,                0.57345,                 0.0595,                 0.0001,                 0.0001,                 0.0001
                    308,                0.78321,                 0.4769,                  0.107,                0.63802,                0.49488,                0.51442,                0.32139,                0.56413,                0.57401,                0.05939,                 0.0001,                 0.0001,                 0.0001
                    309,                 0.7792,                0.47763,                0.10653,                0.64056,                0.49261,                0.51386,                0.32086,                 0.5635,                0.57446,                0.05924,                 0.0001,                 0.0001,                 0.0001
                    310,                0.79149,                0.47661,                0.11133,                0.64161,                0.49284,                0.51406,                0.32082,                0.56297,                0.57493,                0.05919,                 0.0001,                 0.0001,                 0.0001
                    311,                 0.7857,                0.47657,                0.10802,                0.63959,                0.49241,                0.51407,                0.32077,                0.56287,                0.57535,                0.05914,                 0.0001,                 0.0001,                 0.0001
                    312,                0.78832,                0.47488,                0.11009,                0.64144,                0.49205,                0.51423,                0.32111,                 0.5627,                0.57543,                0.05912,                 0.0001,                 0.0001,                 0.0001
                    313,                0.77874,                0.47625,                0.10715,                0.63916,                0.49305,                0.51422,                0.32105,                0.56311,                0.57518,                0.05925,                 0.0001,                 0.0001,                 0.0001
                    314,                0.78367,                0.47484,                0.10863,                0.63712,                0.49363,                0.51387,                0.32087,                0.56332,                0.57516,                0.05956,                 0.0001,                 0.0001,                 0.0001
                    315,                0.78701,                0.47517,                0.10821,                0.63812,                0.49485,                0.51411,                0.32089,                 0.5631,                0.57516,                 0.0596,                 0.0001,                 0.0001,                 0.0001
                    316,                0.79516,                0.47349,                0.11183,                0.63465,                0.49526,                0.51505,                0.32144,                0.56389,                0.57531,                0.05975,                 0.0001,                 0.0001,                 0.0001
                    317,                0.78722,                0.47487,                0.10998,                0.63765,                 0.4967,                0.51608,                0.32201,                0.56312,                0.57544,                0.05957,                 0.0001,                 0.0001,                 0.0001
                    318,                0.78302,                0.47507,                0.10691,                0.63708,                0.49503,                0.51549,                0.32174,                0.56364,                0.57539,                0.05947,                 0.0001,                 0.0001,                 0.0001
                    319,                0.78722,                0.47482,                0.10795,                0.63488,                 0.4957,                0.51618,                0.32164,                0.56389,                0.57542,                 0.0595,                 0.0001,                 0.0001,                 0.0001
                    320,                0.78861,                0.47568,                0.10724,                0.63837,                0.49519,                0.51617,                 0.3217,                0.56423,                0.57525,                0.05964,                 0.0001,                 0.0001,                 0.0001
                    321,                0.77705,                0.47573,                0.10537,                0.63681,                0.49582,                0.51614,                  0.322,                 0.5643,                0.57473,                0.05981,                 0.0001,                 0.0001,                 0.0001
                    322,                 0.7822,                0.47663,                0.10663,                0.63957,                0.49416,                 0.5155,                0.32136,                0.56438,                0.57486,                0.05986,                 0.0001,                 0.0001,                 0.0001
                    323,                0.78059,                0.47527,                0.10758,                0.64126,                0.49364,                0.51538,                0.32186,                 0.5648,                0.57474,                0.05994,                 0.0001,                 0.0001,                 0.0001
                    324,                0.77179,                0.47838,                0.10457,                0.64035,                0.49413,                 0.5144,                0.32138,                0.56512,                0.57465,                0.06005,                 0.0001,                 0.0001,                 0.0001
                    325,                0.76621,                0.47666,                0.10476,                0.63933,                0.49504,                0.51442,                0.32129,                0.56547,                0.57424,                0.06024,                 0.0001,                 0.0001,                 0.0001
                    326,                0.77566,                0.47465,                0.10626,                0.63995,                0.49535,                0.51529,                0.32161,                0.56498,                0.57473,                0.06018,                 0.0001,                 0.0001,                 0.0001
                    327,                0.78856,                 0.4736,                0.11083,                0.64245,                0.49499,                0.51617,                0.32233,                0.56398,                0.57528,                0.05962,                 0.0001,                 0.0001,                 0.0001
                    328,                0.77507,                0.47589,                0.10618,                0.64492,                0.49319,                0.51618,                0.32196,                0.56407,                0.57522,                0.05979,                 0.0001,                 0.0001,                 0.0001
                    329,                0.77645,                0.47556,                0.10576,                0.64519,                 0.4934,                0.51571,                0.32167,                0.56441,                0.57473,                0.06002,                 0.0001,                 0.0001,                 0.0001
                    330,                0.78199,                0.47562,                0.10808,                0.64044,                0.49593,                0.51644,                0.32178,                0.56408,                0.57443,                0.06024,                 0.0001,                 0.0001,                 0.0001
                    331,                0.77596,                0.47416,                 0.1052,                0.63483,                0.49931,                0.51629,                0.32139,                0.56426,                 0.5746,                0.06011,                 0.0001,                 0.0001,                 0.0001
                    332,                0.77302,                0.47596,                0.10544,                0.63719,                0.49706,                0.51535,                0.32127,                0.56434,                0.57446,                0.06016,                 0.0001,                 0.0001,                 0.0001
                    333,                0.75491,                0.47246,                0.10208,                0.63736,                0.49708,                0.51555,                0.32145,                0.56433,                0.57516,                0.06003,                 0.0001,                 0.0001,                 0.0001
                    334,                0.77117,                0.47152,                0.10552,                0.63919,                0.49657,                0.51564,                0.32121,                 0.5641,                 0.5755,                0.06017,                 0.0001,                 0.0001,                 0.0001
                    335,                0.78683,                0.47115,                0.10966,                0.63993,                0.49577,                0.51522,                0.32079,                0.56454,                0.57546,                0.06025,                 0.0001,                 0.0001,                 0.0001
                    336,                0.77636,                0.47398,                0.10619,                0.63852,                0.49541,                0.51427,                0.31979,                0.56527,                0.57544,                0.06036,                 0.0001,                 0.0001,                 0.0001
