                  epoch,        train/giou_loss,         train/cls_loss,          train/l1_loss,   metrics/precision(B),      metrics/recall(B),       metrics/mAP50(B),    metrics/mAP50-95(B),          val/giou_loss,           val/cls_loss,            val/l1_loss,                 lr/pg0,                 lr/pg1,                 lr/pg2
                      1,                 2.0293,                0.20436,                0.54731,                0.61464,                0.02293,                0.01271,                0.00286,                 1.5366,                0.37374,                 0.2973,                0.05964,               4.04e-05,               4.04e-05
                      2,                 1.7663,                0.32795,                0.41707,                0.37729,                0.08055,                0.05216,                0.01702,                 1.2863,                0.50123,                0.21811,               0.019231,              8.085e-05,              8.085e-05
                      3,                 1.5835,                0.40236,                0.35641,                0.24645,                0.12419,                 0.1052,                0.04621,                 1.1192,                0.56069,                0.17696,                 0.0001,                 0.0001,                 0.0001
                      4,                 1.4326,                0.45073,                0.30279,                0.24879,                0.15403,                0.14308,                0.06937,                0.97018,                0.59373,                0.14449,                 0.0001,                 0.0001,                 0.0001
                      5,                 1.3643,                0.46241,                0.27859,                0.27147,                0.18195,                  0.161,                0.08402,                 0.9112,                0.59719,                0.12934,                 0.0001,                 0.0001,                 0.0001
                      6,                 1.3171,                0.47324,                 0.2637,                0.30954,                0.18414,                0.17431,                0.09271,                0.88315,                0.60408,                 0.1244,                 0.0001,                 0.0001,                 0.0001
                      7,                 1.2797,                0.47804,                0.25306,                0.35832,                0.21484,                0.20178,                0.10649,                0.85899,                0.59293,                0.12205,                 0.0001,                 0.0001,                 0.0001
                      8,                 1.2447,                0.48309,                0.24365,                0.34392,                0.23588,                 0.2244,                0.12078,                0.82559,                0.59806,                0.11676,                 0.0001,                 0.0001,                 0.0001
                      9,                 1.2297,                0.48225,                0.23472,                0.36794,                0.25227,                0.23853,                0.12912,                0.80841,                0.59427,                0.11042,                 0.0001,                 0.0001,                 0.0001
                     10,                 1.2024,                0.48829,                0.22667,                0.37883,                0.25856,                0.25237,                 0.1386,                0.78641,                0.60098,                0.10495,                 0.0001,                 0.0001,                 0.0001
                     11,                 1.1992,                0.48327,                0.22516,                0.38915,                0.27526,                0.26409,                0.14426,                 0.7782,                0.59348,                0.10474,                 0.0001,                 0.0001,                 0.0001
                     12,                 1.1765,                0.48594,                0.21997,                0.39421,                0.28373,                 0.2681,                0.14817,                0.76722,                0.59444,                0.10076,                 0.0001,                 0.0001,                 0.0001
                     13,                 1.1575,                0.48781,                0.21365,                0.40373,                0.29262,                 0.2797,                0.15519,                0.75172,                0.59622,                0.09856,                 0.0001,                 0.0001,                 0.0001
                     14,                 1.1531,                0.48574,                0.21526,                0.41178,                0.29848,                0.28798,                0.16165,                0.74431,                  0.593,                0.09716,                 0.0001,                 0.0001,                 0.0001
                     15,                 1.1231,                0.49046,                0.20295,                0.41888,                0.30703,                0.29887,                0.16889,                0.73461,                0.59256,                0.09489,                 0.0001,                 0.0001,                 0.0001
                     16,                 1.1274,                0.48712,                0.20641,                  0.422,                  0.314,                0.30645,                 0.1741,                0.73212,                 0.5912,                0.09506,                 0.0001,                 0.0001,                 0.0001
                     17,                 1.1188,                0.48745,                 0.2044,                0.41563,                0.32337,                0.31215,                0.17777,                0.72505,                0.59081,                0.09315,                 0.0001,                 0.0001,                 0.0001
                     18,                 1.1026,                0.48833,                0.19772,                0.43442,                0.32493,                  0.318,                0.18186,                 0.7211,                0.59034,                0.09196,                 0.0001,                 0.0001,                 0.0001
                     19,                  1.085,                0.49317,                0.19048,                0.44819,                0.32245,                0.32154,                0.18443,                0.71726,                 0.5888,                0.09114,                 0.0001,                 0.0001,                 0.0001
                     20,                 1.0864,                0.49015,                0.19006,                0.45406,                0.32481,                0.32571,                0.18768,                0.71135,                0.58895,                0.09005,                 0.0001,                 0.0001,                 0.0001
                     21,                 1.0796,                0.49082,                0.19332,                0.45311,                0.32915,                0.33116,                0.19132,                0.70813,                0.58824,                0.08944,                 0.0001,                 0.0001,                 0.0001
                     22,                 1.0663,                 0.4913,                0.18735,                0.45602,                0.33095,                0.33388,                0.19308,                0.70384,                0.58901,                0.08908,                 0.0001,                 0.0001,                 0.0001
                     23,                 1.0655,                0.49189,                0.18898,                 0.4585,                0.33641,                0.33863,                0.19591,                0.70157,                0.58809,                0.08866,                 0.0001,                 0.0001,                 0.0001
                     24,                  1.059,                0.48841,                0.18527,                0.46218,                0.33435,                0.34037,                0.19673,                0.69844,                0.58798,                0.08784,                 0.0001,                 0.0001,                 0.0001
                     25,                 1.0552,                0.49046,                0.18257,                0.46532,                0.33719,                0.34358,                0.19888,                 0.6969,                0.58734,                0.08763,                 0.0001,                 0.0001,                 0.0001
                     26,                 1.0472,                0.49228,                0.18017,                 0.4638,                0.33946,                0.34503,                0.20039,                0.69483,                0.58753,                0.08733,                 0.0001,                 0.0001,                 0.0001
                     27,                 1.0551,                0.48879,                0.18301,                0.46722,                0.34104,                0.34707,                0.20166,                0.69285,                0.58694,                0.08688,                 0.0001,                 0.0001,                 0.0001
                     28,                 1.0404,                0.49246,                0.17717,                0.47186,                0.34153,                0.34881,                 0.2027,                0.69071,                0.58628,                0.08651,                 0.0001,                 0.0001,                 0.0001
                     29,                 1.0416,                0.48821,                0.18162,                0.47307,                 0.3423,                0.35142,                0.20443,                0.68881,                0.58557,                0.08607,                 0.0001,                 0.0001,                 0.0001
                     30,                 1.0269,                0.49163,                0.17351,                0.48034,                0.34291,                0.35373,                0.20613,                0.68681,                0.58504,                0.08577,                 0.0001,                 0.0001,                 0.0001
                     31,                 1.0159,                0.49212,                0.17192,                0.48416,                0.34358,                 0.3549,                0.20704,                0.68526,                0.58489,                0.08542,                 0.0001,                 0.0001,                 0.0001
                     32,                 1.0164,                0.49272,                0.16963,                0.48488,                0.34336,                 0.3571,                0.20788,                0.68307,                0.58469,                0.08498,                 0.0001,                 0.0001,                 0.0001
                     33,                 1.0231,                0.48973,                0.17667,                0.48942,                0.34726,                0.36016,                0.21013,                0.68093,                0.58436,                0.08433,                 0.0001,                 0.0001,                 0.0001
                     34,                 1.0177,                0.48789,                0.17323,                0.48957,                0.34993,                 0.3628,                0.21212,                 0.6781,                0.58373,                0.08359,                 0.0001,                 0.0001,                 0.0001
                     35,                 1.0168,                0.49117,                 0.1742,                0.49459,                0.35156,                0.36498,                0.21347,                0.67605,                0.58338,                0.08325,                 0.0001,                 0.0001,                 0.0001
                     36,                 1.0104,                 0.4883,                0.16974,                0.49622,                0.35554,                0.36745,                0.21525,                0.67373,                0.58325,                0.08262,                 0.0001,                 0.0001,                 0.0001
                     37,                 1.0107,                0.48938,                0.17357,                0.49943,                0.35623,                0.37001,                0.21772,                0.67129,                0.58291,                0.08206,                 0.0001,                 0.0001,                 0.0001
                     38,                 0.9968,                0.49258,                0.16538,                0.50059,                0.35977,                0.37071,                0.21851,                0.66927,                0.58217,                0.08142,                 0.0001,                 0.0001,                 0.0001
                     39,                 1.0027,                0.49072,                0.16853,                0.50138,                0.36134,                0.37314,                0.21982,                0.66712,                0.58186,                0.08091,                 0.0001,                 0.0001,                 0.0001
                     40,                0.99328,                0.49195,                0.16682,                0.50194,                0.36381,                0.37559,                0.22122,                0.66529,                0.58164,                0.08061,                 0.0001,                 0.0001,                 0.0001
                     41,                0.99047,                0.49023,                0.16493,                0.50387,                0.36688,                0.37816,                0.22311,                0.66296,                0.58183,                0.08027,                 0.0001,                 0.0001,                 0.0001
                     42,                0.98801,                0.48875,                0.16307,                0.50682,                0.36947,                0.37991,                 0.2244,                0.66097,                0.58129,                0.07998,                 0.0001,                 0.0001,                 0.0001
                     43,                0.99804,                0.48426,                0.17056,                0.51215,                 0.3702,                0.38188,                0.22603,                0.65885,                0.58095,                0.07939,                 0.0001,                 0.0001,                 0.0001
                     44,                 0.9833,                0.48825,                 0.1616,                0.51671,                 0.3729,                0.38455,                0.22812,                0.65765,                0.58026,                0.07901,                 0.0001,                 0.0001,                 0.0001
                     45,                0.97779,                0.49064,                0.15948,                0.51708,                0.37265,                0.38626,                0.22909,                0.65619,                0.57956,                0.07858,                 0.0001,                 0.0001,                 0.0001
                     46,                0.96543,                0.49323,                0.15644,                0.51851,                 0.3747,                 0.3891,                0.23092,                0.65451,                0.57897,                0.07818,                 0.0001,                 0.0001,                 0.0001
                     47,                0.97918,                0.48735,                0.16147,                0.52122,                0.37518,                0.39099,                0.23233,                0.65234,                0.57859,                0.07805,                 0.0001,                 0.0001,                 0.0001
                     48,                 0.9756,                0.48718,                0.16018,                0.52445,                0.37713,                0.39315,                0.23363,                0.65093,                0.57826,                0.07782,                 0.0001,                 0.0001,                 0.0001
                     49,                0.96119,                 0.4912,                0.15919,                0.52894,                0.37737,                0.39582,                0.23544,                 0.6484,                 0.5779,                0.07733,                 0.0001,                 0.0001,                 0.0001
                     50,                0.96832,                0.48757,                0.15986,                0.52858,                 0.3808,                0.39811,                0.23673,                0.64716,                0.57708,                0.07724,                 0.0001,                 0.0001,                 0.0001
                     51,                0.97864,                0.48374,                0.16065,                0.53627,                0.37982,                0.39753,                0.23675,                0.64497,                 0.5768,                0.07688,                 0.0001,                 0.0001,                 0.0001
                     52,                0.95877,                0.48955,                0.15508,                0.53572,                0.38381,                0.39943,                 0.2382,                0.64303,                0.57641,                0.07676,                 0.0001,                 0.0001,                 0.0001
                     53,                0.95242,                0.49172,                0.15663,                0.53981,                0.38537,                0.40126,                0.23955,                0.64149,                0.57601,                0.07634,                 0.0001,                 0.0001,                 0.0001
                     54,                 0.9613,                 0.4875,                0.15506,                0.54256,                0.38652,                0.40321,                0.24049,                 0.6394,                0.57577,                0.07589,                 0.0001,                 0.0001,                 0.0001
                     55,                0.95361,                0.48783,                0.15411,                0.55051,                0.38949,                0.40591,                0.24228,                0.63823,                0.57533,                0.07585,                 0.0001,                 0.0001,                 0.0001
                     56,                0.94666,                0.48996,                0.15237,                0.55242,                 0.3929,                0.40864,                0.24407,                0.63684,                 0.5752,                0.07567,                 0.0001,                 0.0001,                 0.0001
                     57,                0.96353,                0.48482,                0.15775,                0.55315,                0.39206,                0.40928,                0.24433,                0.63505,                0.57528,                0.07539,                 0.0001,                 0.0001,                 0.0001
                     58,                0.95941,                0.48489,                0.15877,                0.55352,                0.39341,                0.41029,                0.24484,                0.63355,                0.57463,                0.07513,                 0.0001,                 0.0001,                 0.0001
                     59,                0.95926,                0.48503,                0.15899,                0.55599,                0.39491,                 0.4129,                0.24641,                 0.6321,                0.57455,                0.07473,                 0.0001,                 0.0001,                 0.0001
                     60,                0.94256,                0.48969,                0.15033,                0.55763,                0.39741,                0.41519,                0.24759,                0.63089,                0.57417,                0.07443,                 0.0001,                 0.0001,                 0.0001
                     61,                0.93198,                0.49038,                0.14898,                0.55713,                 0.3983,                0.41699,                0.24887,                0.62964,                0.57397,                0.07418,                 0.0001,                 0.0001,                 0.0001
                     62,                0.94681,                0.48566,                0.15297,                 0.5548,                0.39928,                0.41789,                0.24897,                0.62795,                0.57398,                0.07378,                 0.0001,                 0.0001,                 0.0001
                     63,                 0.9516,                0.48214,                0.15641,                0.56105,                0.40182,                0.42067,                0.25084,                0.62716,                 0.5736,                0.07366,                 0.0001,                 0.0001,                 0.0001
                     64,                0.93526,                0.48902,                0.15068,                0.55979,                0.40613,                0.42235,                0.25227,                0.62584,                0.57296,                0.07347,                 0.0001,                 0.0001,                 0.0001
                     65,                0.92663,                0.48805,                0.14998,                0.55887,                0.41038,                0.42353,                0.25341,                0.62433,                0.57299,                0.07332,                 0.0001,                 0.0001,                 0.0001
                     66,                0.93469,                0.48861,                0.15101,                 0.5603,                0.41058,                0.42467,                0.25407,                0.62259,                0.57298,                0.07306,                 0.0001,                 0.0001,                 0.0001
                     67,                0.93305,                0.48944,                0.14651,                0.56052,                 0.4121,                0.42473,                0.25442,                 0.6209,                0.57286,                0.07257,                 0.0001,                 0.0001,                 0.0001
                     68,                0.92475,                0.49045,                0.14842,                0.56102,                0.41216,                0.42602,                0.25525,                 0.6201,                 0.5724,                0.07257,                 0.0001,                 0.0001,                 0.0001
                     69,                 0.9257,                0.48671,                0.14606,                 0.5588,                0.41268,                 0.4278,                0.25635,                0.61927,                0.57208,                0.07248,                 0.0001,                 0.0001,                 0.0001
                     70,                0.92593,                0.48776,                0.14716,                0.56794,                0.41309,                0.43007,                0.25769,                0.61856,                0.57129,                0.07242,                 0.0001,                 0.0001,                 0.0001
                     71,                0.92014,                0.49018,                0.14713,                0.56934,                0.41316,                0.43104,                0.25831,                0.61714,                0.57109,                0.07232,                 0.0001,                 0.0001,                 0.0001
                     72,                 0.9233,                0.48744,                0.14473,                0.56635,                0.41412,                0.43193,                0.25882,                0.61538,                0.57101,                0.07183,                 0.0001,                 0.0001,                 0.0001
                     73,                0.92112,                0.48656,                 0.1487,                0.56571,                0.41697,                0.43477,                 0.2606,                0.61411,                0.57128,                0.07177,                 0.0001,                 0.0001,                 0.0001
                     74,                0.92343,                0.48386,                0.14909,                0.57012,                0.41786,                0.43608,                 0.2613,                0.61309,                 0.5713,                0.07146,                 0.0001,                 0.0001,                 0.0001
                     75,                0.92296,                0.48762,                0.14703,                0.57017,                0.42059,                0.43699,                0.26213,                0.61211,                0.57143,                0.07141,                 0.0001,                 0.0001,                 0.0001
                     76,                0.94088,                0.48321,                0.15403,                0.57155,                0.42246,                 0.4389,                0.26309,                0.61178,                0.57104,                0.07122,                 0.0001,                 0.0001,                 0.0001
                     77,                0.92293,                0.48557,                0.14776,                0.57283,                0.42443,                0.43967,                0.26374,                0.61117,                0.57073,                0.07122,                 0.0001,                 0.0001,                 0.0001
                     78,                 0.9186,                 0.4859,                0.14717,                0.57491,                0.42498,                0.44042,                0.26423,                0.61033,                0.57045,                0.07134,                 0.0001,                 0.0001,                 0.0001
                     79,                0.91208,                0.48659,                0.14523,                0.57701,                0.42621,                0.44167,                0.26523,                0.60917,                0.57019,                0.07092,                 0.0001,                 0.0001,                 0.0001
                     80,                0.91766,                0.48527,                0.14848,                0.57688,                0.42963,                0.44311,                0.26621,                0.60849,                0.57013,                 0.0707,                 0.0001,                 0.0001,                 0.0001
                     81,                0.91379,                0.48429,                0.14642,                0.57794,                0.43199,                0.44474,                0.26743,                0.60808,                0.56979,                0.07071,                 0.0001,                 0.0001,                 0.0001
                     82,                0.90272,                0.48875,                0.14382,                0.57894,                0.43036,                0.44605,                0.26808,                 0.6073,                0.56973,                0.07061,                 0.0001,                 0.0001,                 0.0001
                     83,                0.90433,                0.48681,                0.14457,                0.57892,                 0.4336,                0.44797,                0.26928,                0.60695,                0.56929,                0.07067,                 0.0001,                 0.0001,                 0.0001
                     84,                0.89693,                0.48703,                0.14048,                0.57702,                0.43603,                0.44906,                0.27019,                0.60616,                0.56922,                0.07071,                 0.0001,                 0.0001,                 0.0001
                     85,                0.90038,                0.48611,                0.14248,                0.58089,                0.43505,                0.44904,                 0.2701,                0.60461,                0.56949,                0.07052,                 0.0001,                 0.0001,                 0.0001
                     86,                0.89353,                0.48706,                0.13899,                0.58204,                0.43764,                0.45015,                 0.2707,                0.60386,                0.56931,                0.07039,                 0.0001,                 0.0001,                 0.0001
                     87,                0.89978,                0.48681,                0.14071,                0.58146,                0.43882,                0.45115,                0.27145,                0.60282,                0.56937,                0.07031,                 0.0001,                 0.0001,                 0.0001
                     88,                0.89455,                0.48484,                0.14109,                0.58024,                0.43736,                0.44999,                0.27092,                0.60174,                0.56915,                0.07024,                 0.0001,                 0.0001,                 0.0001
                     89,                0.90523,                0.48369,                0.14283,                0.58221,                0.43821,                0.45131,                0.27151,                0.60096,                0.56879,                0.06997,                 0.0001,                 0.0001,                 0.0001
                     90,                0.89782,                 0.4874,                0.14114,                0.58577,                0.43766,                0.45216,                0.27234,                 0.5998,                0.56898,                0.06986,                 0.0001,                 0.0001,                 0.0001
                     91,                0.91252,                0.48075,                 0.1438,                0.58621,                0.43969,                0.45314,                0.27341,                0.59953,                 0.5684,                0.06975,                 0.0001,                 0.0001,                 0.0001
                     92,                0.89592,                0.48541,                0.14003,                0.58508,                0.44219,                0.45472,                0.27463,                0.59883,                 0.5686,                0.06961,                 0.0001,                 0.0001,                 0.0001
                     93,                0.89393,                 0.4843,                0.13864,                0.58601,                0.44215,                0.45551,                0.27539,                0.59836,                0.56825,                0.06963,                 0.0001,                 0.0001,                 0.0001
                     94,                0.88322,                0.48699,                0.13835,                0.58686,                0.44217,                0.45586,                0.27573,                0.59756,                0.56811,                0.06954,                 0.0001,                 0.0001,                 0.0001
                     95,                0.89845,                0.48397,                0.14197,                0.58917,                0.44079,                0.45664,                0.27663,                 0.5971,                0.56813,                0.06966,                 0.0001,                 0.0001,                 0.0001
                     96,                 0.8829,                0.48659,                0.13851,                0.58739,                0.44171,                0.45656,                0.27684,                 0.5957,                0.56832,                0.06942,                 0.0001,                 0.0001,                 0.0001
                     97,                0.89557,                0.48278,                0.14217,                0.58828,                0.44208,                0.45797,                0.27789,                0.59508,                0.56814,                 0.0693,                 0.0001,                 0.0001,                 0.0001
                     98,                0.89307,                0.48406,                0.14117,                0.59746,                0.44093,                 0.4596,                0.27874,                0.59467,                0.56768,                0.06922,                 0.0001,                 0.0001,                 0.0001
                     99,                0.88625,                0.48573,                0.13714,                0.59509,                0.44256,                0.45956,                0.27866,                0.59357,                 0.5676,                0.06891,                 0.0001,                 0.0001,                 0.0001
                    100,                0.88859,                0.48304,                0.13864,                0.59238,                0.44462,                0.46083,                0.27945,                0.59264,                0.56799,                0.06876,                 0.0001,                 0.0001,                 0.0001
                    101,                0.87703,                0.48724,                0.13942,                0.59156,                0.44648,                 0.4611,                0.27976,                0.59243,                0.56801,                0.06869,                 0.0001,                 0.0001,                 0.0001
                    102,                0.88688,                0.48559,                0.13923,                0.59218,                0.44815,                0.46172,                0.28015,                 0.5919,                0.56767,                0.06876,                 0.0001,                 0.0001,                 0.0001
                    103,                0.89179,                0.48188,                0.13963,                 0.5921,                0.44903,                0.46305,                0.28122,                0.59039,                0.56795,                0.06843,                 0.0001,                 0.0001,                 0.0001
                    104,                0.88313,                0.48352,                0.14036,                0.59282,                0.44829,                0.46426,                0.28168,                0.58973,                0.56806,                0.06847,                 0.0001,                 0.0001,                 0.0001
                    105,                0.86724,                0.48744,                0.13078,                0.59286,                0.44761,                0.46363,                0.28158,                0.58932,                0.56782,                0.06846,                 0.0001,                 0.0001,                 0.0001
                    106,                 0.8747,                0.48702,                0.13561,                0.59357,                0.44706,                  0.464,                0.28201,                0.58873,                0.56797,                0.06836,                 0.0001,                 0.0001,                 0.0001
                    107,                0.86364,                 0.4865,                0.13115,                0.59193,                0.44828,                0.46436,                0.28274,                0.58851,                 0.5676,                0.06823,                 0.0001,                 0.0001,                 0.0001
                    108,                0.88871,                0.48113,                0.13718,                 0.5937,                0.44783,                0.46521,                0.28303,                0.58772,                0.56762,                0.06813,                 0.0001,                 0.0001,                 0.0001
                    109,                 0.8718,                0.48321,                0.13583,                0.59113,                0.44863,                0.46516,                0.28365,                0.58743,                0.56757,                  0.068,                 0.0001,                 0.0001,                 0.0001
                    110,                0.87512,                0.48478,                0.13549,                0.59656,                0.44943,                0.46771,                0.28494,                0.58677,                 0.5678,                0.06787,                 0.0001,                 0.0001,                 0.0001
                    111,                0.87656,                0.48547,                0.13676,                 0.5943,                0.45023,                0.46751,                0.28523,                0.58578,                0.56784,                 0.0677,                 0.0001,                 0.0001,                 0.0001
                    112,                0.87098,                0.48558,                0.13567,                0.59388,                0.45323,                0.46886,                0.28634,                0.58495,                0.56825,                 0.0674,                 0.0001,                 0.0001,                 0.0001
                    113,                0.86357,                0.48643,                0.13267,                0.59826,                0.45285,                0.47004,                0.28683,                0.58483,                0.56804,                0.06737,                 0.0001,                 0.0001,                 0.0001
                    114,                0.86385,                0.48649,                0.13087,                0.59525,                0.45625,                0.47092,                0.28717,                0.58437,                0.56782,                0.06754,                 0.0001,                 0.0001,                 0.0001
                    115,                0.87607,                0.48188,                0.13785,                0.59958,                0.45645,                0.47246,                 0.2878,                0.58371,                0.56793,                0.06721,                 0.0001,                 0.0001,                 0.0001
                    116,                0.86098,                0.48691,                0.12939,                 0.6032,                0.45493,                0.47234,                0.28775,                0.58328,                0.56782,                0.06704,                 0.0001,                 0.0001,                 0.0001
                    117,                0.86629,                0.48478,                0.13354,                0.60568,                0.45416,                0.47263,                0.28818,                0.58303,                 0.5679,                0.06696,                 0.0001,                 0.0001,                 0.0001
                    118,                 0.8626,                 0.4831,                0.13303,                0.60635,                0.45522,                0.47292,                0.28847,                0.58246,                0.56766,                0.06684,                 0.0001,                 0.0001,                 0.0001
                    119,                0.86544,                0.48356,                0.13126,                0.60681,                0.45348,                0.47277,                0.28867,                0.58186,                0.56768,                0.06685,                 0.0001,                 0.0001,                 0.0001
                    120,                0.85731,                0.48596,                0.13094,                0.60517,                0.45417,                0.47374,                0.28932,                0.58162,                0.56728,                0.06686,                 0.0001,                 0.0001,                 0.0001
                    121,                0.87349,                0.48431,                0.13461,                0.60789,                0.45364,                0.47401,                0.28939,                  0.581,                0.56744,                0.06673,                 0.0001,                 0.0001,                 0.0001
                    122,                0.85759,                 0.4847,                0.13071,                0.60578,                0.45418,                 0.4743,                0.28989,                0.58077,                0.56727,                0.06689,                 0.0001,                 0.0001,                 0.0001
                    123,                0.87165,                0.48193,                0.13348,                 0.6044,                0.45512,                0.47512,                0.29022,                0.58007,                0.56716,                0.06658,                 0.0001,                 0.0001,                 0.0001
                    124,                 0.8701,                0.48044,                0.13441,                0.60267,                0.45574,                 0.4753,                0.29044,                0.58027,                0.56686,                0.06659,                 0.0001,                 0.0001,                 0.0001
                    125,                0.85957,                0.48424,                0.13305,                0.60259,                0.45547,                0.47432,                0.29001,                0.57969,                0.56686,                0.06646,                 0.0001,                 0.0001,                 0.0001
                    126,                0.86861,                0.48135,                 0.1372,                0.60244,                0.45571,                0.47511,                 0.2904,                0.57943,                0.56677,                0.06642,                 0.0001,                 0.0001,                 0.0001
                    127,                0.84719,                 0.4842,                0.12809,                0.60177,                0.45502,                0.47439,                0.29007,                0.57912,                0.56655,                0.06623,                 0.0001,                 0.0001,                 0.0001
                    128,                0.85277,                0.48452,                0.12787,                0.60565,                0.45472,                0.47497,                 0.2905,                 0.5789,                0.56649,                0.06604,                 0.0001,                 0.0001,                 0.0001
                    129,                0.87454,                0.47988,                0.13356,                 0.6092,                0.45583,                0.47548,                0.29104,                0.57848,                0.56664,                0.06602,                 0.0001,                 0.0001,                 0.0001
                    130,                0.86155,                0.48235,                0.13057,                0.61061,                0.45702,                0.47703,                0.29214,                0.57763,                0.56674,                0.06585,                 0.0001,                 0.0001,                 0.0001
                    131,                0.86699,                0.48317,                0.13401,                0.60683,                0.45966,                0.47728,                0.29242,                0.57711,                0.56708,                0.06566,                 0.0001,                 0.0001,                 0.0001
                    132,                 0.8579,                0.48368,                0.13143,                0.60899,                0.45919,                0.47808,                0.29306,                0.57731,                0.56709,                0.06557,                 0.0001,                 0.0001,                 0.0001
                    133,                0.85683,                 0.4828,                0.13145,                0.60749,                0.45884,                0.47812,                0.29294,                0.57747,                0.56661,                0.06565,                 0.0001,                 0.0001,                 0.0001
                    134,                0.85635,                0.48433,                0.13037,                0.60672,                0.45808,                0.47794,                0.29274,                0.57725,                0.56637,                0.06541,                 0.0001,                 0.0001,                 0.0001
                    135,                0.85884,                0.48347,                0.13163,                0.60939,                0.45682,                0.47902,                0.29339,                0.57751,                0.56627,                0.06559,                 0.0001,                 0.0001,                 0.0001
                    136,                0.85605,                0.48499,                 0.1303,                  0.611,                0.45637,                0.47908,                0.29359,                0.57708,                0.56616,                0.06576,                 0.0001,                 0.0001,                 0.0001
                    137,                 0.8516,                0.48301,                0.13062,                0.61254,                0.45755,                0.48009,                0.29417,                0.57681,                0.56636,                 0.0655,                 0.0001,                 0.0001,                 0.0001
                    138,                0.84594,                0.48298,                 0.1264,                 0.6118,                 0.4587,                0.48086,                0.29427,                0.57602,                0.56639,                0.06546,                 0.0001,                 0.0001,                 0.0001
                    139,                0.84045,                0.48461,                0.12676,                0.61158,                0.45982,                0.48182,                0.29525,                0.57583,                0.56625,                0.06556,                 0.0001,                 0.0001,                 0.0001
                    140,                0.84516,                0.48609,                0.12667,                0.61055,                0.46228,                0.48218,                0.29534,                 0.5752,                0.56638,                0.06549,                 0.0001,                 0.0001,                 0.0001
                    141,                 0.8492,                0.48176,                0.13184,                0.61137,                0.46236,                 0.4829,                0.29601,                0.57457,                 0.5662,                0.06531,                 0.0001,                 0.0001,                 0.0001
                    142,                0.84419,                0.48483,                0.12775,                0.61112,                0.46297,                0.48338,                0.29603,                0.57443,                0.56648,                0.06538,                 0.0001,                 0.0001,                 0.0001
                    143,                0.85244,                0.48178,                0.12889,                0.60875,                0.46538,                0.48397,                0.29589,                0.57432,                 0.5664,                0.06528,                 0.0001,                 0.0001,                 0.0001
                    144,                0.85929,                0.47932,                0.13067,                0.61026,                 0.4651,                0.48511,                0.29698,                0.57386,                 0.5663,                0.06519,                 0.0001,                 0.0001,                 0.0001
                    145,                0.83809,                0.48309,                0.12756,                0.61048,                0.46477,                0.48583,                0.29745,                0.57343,                 0.5663,                0.06519,                 0.0001,                 0.0001,                 0.0001
                    146,                0.85266,                0.48152,                0.13015,                0.61251,                0.46482,                0.48598,                0.29739,                0.57322,                 0.5662,                0.06507,                 0.0001,                 0.0001,                 0.0001
                    147,                0.84312,                0.48298,                0.12746,                 0.6101,                0.46602,                0.48654,                0.29756,                 0.5728,                0.56649,                0.06498,                 0.0001,                 0.0001,                 0.0001
                    148,                0.84463,                0.48227,                0.12835,                0.61708,                0.46355,                0.48665,                0.29788,                0.57244,                0.56682,                0.06495,                 0.0001,                 0.0001,                 0.0001
                    149,                0.84557,                0.47947,                0.12967,                0.61783,                0.46313,                0.48665,                0.29806,                0.57162,                0.56692,                0.06476,                 0.0001,                 0.0001,                 0.0001
                    150,                0.84166,                0.48451,                0.12499,                0.62151,                0.46422,                0.48693,                0.29868,                0.57129,                0.56669,                0.06481,                 0.0001,                 0.0001,                 0.0001
                    151,                 0.8492,                0.48241,                0.12909,                  0.624,                0.46225,                0.48703,                0.29895,                0.57144,                 0.5665,                0.06465,                 0.0001,                 0.0001,                 0.0001
                    152,                0.83344,                0.48463,                 0.1259,                0.62416,                0.46292,                0.48762,                0.29937,                0.57137,                0.56612,                0.06481,                 0.0001,                 0.0001,                 0.0001
                    153,                0.84061,                0.48117,                0.12754,                0.62241,                0.46239,                0.48695,                0.29865,                0.57173,                0.56584,                0.06503,                 0.0001,                 0.0001,                 0.0001
                    154,                0.84112,                0.48278,                0.12823,                0.62377,                0.46343,                0.48748,                 0.2986,                0.57116,                0.56641,                0.06497,                 0.0001,                 0.0001,                 0.0001
                    155,                 0.8391,                0.48179,                0.12451,                0.62366,                0.46552,                0.48829,                0.29921,                0.57069,                0.56665,                0.06488,                 0.0001,                 0.0001,                 0.0001
                    156,                0.84495,                 0.4801,                0.12563,                0.62769,                0.46332,                0.48748,                0.29881,                 0.5703,                0.56711,                0.06484,                 0.0001,                 0.0001,                 0.0001
                    157,                0.85835,                 0.4761,                0.13319,                0.62525,                0.46347,                0.48744,                0.29882,                0.56994,                0.56715,                0.06476,                 0.0001,                 0.0001,                 0.0001
                    158,                0.83736,                0.48299,                0.12781,                0.62658,                0.46499,                0.48846,                0.29951,                0.56989,                0.56702,                0.06471,                 0.0001,                 0.0001,                 0.0001
                    159,                0.84365,                 0.4797,                0.12774,                0.62738,                0.46606,                0.48907,                0.30006,                0.56985,                0.56661,                0.06479,                 0.0001,                 0.0001,                 0.0001
                    160,                0.84163,                0.47885,                 0.1288,                0.63079,                0.46551,                0.48906,                0.29993,                0.56892,                0.56693,                0.06464,                 0.0001,                 0.0001,                 0.0001
                    161,                0.84024,                0.47979,                0.12733,                0.62873,                0.46714,                0.48926,                0.29999,                0.56939,                 0.5663,                0.06484,                 0.0001,                 0.0001,                 0.0001
                    162,                0.83636,                0.47994,                0.12475,                0.62486,                0.46647,                0.48869,                0.29929,                0.56889,                0.56671,                0.06465,                 0.0001,                 0.0001,                 0.0001
                    163,                0.83687,                0.47839,                0.12671,                0.62497,                0.46712,                0.48825,                0.29876,                0.56876,                0.56665,                0.06473,                 0.0001,                 0.0001,                 0.0001
                    164,                0.84066,                0.47955,                0.12697,                0.62413,                0.46775,                0.48871,                0.29899,                0.56927,                0.56578,                0.06491,                 0.0001,                 0.0001,                 0.0001
                    165,                0.83326,                  0.483,                0.12639,                0.62032,                0.47109,                0.48996,                0.29983,                0.56915,                0.56605,                0.06487,                 0.0001,                 0.0001,                 0.0001
                    166,                 0.8341,                0.47966,                0.12535,                0.61798,                  0.472,                0.49124,                0.30042,                0.56863,                 0.5661,                0.06475,                 0.0001,                 0.0001,                 0.0001
                    167,                0.82809,                0.48151,                0.12342,                0.62409,                0.47107,                0.49105,                0.30036,                0.56799,                0.56628,                0.06452,                 0.0001,                 0.0001,                 0.0001
                    168,                0.83653,                0.47793,                0.12695,                 0.6253,                0.46982,                0.49106,                0.30031,                 0.5682,                0.56574,                 0.0646,                 0.0001,                 0.0001,                 0.0001
                    169,                0.83243,                0.48047,                0.12438,                0.62171,                0.47096,                0.49071,                 0.3003,                 0.5678,                0.56607,                0.06451,                 0.0001,                 0.0001,                 0.0001
                    170,                0.83177,                0.48044,                0.12552,                0.61997,                0.47254,                0.49112,                0.30039,                0.56771,                0.56611,                0.06452,                 0.0001,                 0.0001,                 0.0001
                    171,                0.82057,                0.48428,                0.12285,                 0.6186,                0.47194,                0.49088,                0.30025,                0.56725,                0.56599,                0.06437,                 0.0001,                 0.0001,                 0.0001
                    172,                0.82636,                0.48186,                0.12351,                 0.6221,                0.47131,                0.49201,                0.30111,                0.56629,                0.56652,                0.06431,                 0.0001,                 0.0001,                 0.0001
                    173,                0.83237,                0.47915,                0.12504,                0.61847,                 0.4715,                0.49174,                0.30089,                0.56656,                0.56612,                0.06417,                 0.0001,                 0.0001,                 0.0001
                    174,                0.83305,                0.48001,                0.12426,                0.61836,                0.47107,                 0.4916,                0.30072,                0.56608,                0.56617,                 0.0642,                 0.0001,                 0.0001,                 0.0001
                    175,                0.82019,                0.48242,                0.12171,                0.61947,                0.47121,                0.49213,                0.30129,                 0.5659,                0.56621,                0.06417,                 0.0001,                 0.0001,                 0.0001
                    176,                0.82723,                0.48057,                0.12292,                0.61885,                0.47192,                0.49351,                0.30214,                0.56579,                0.56592,                0.06427,                 0.0001,                 0.0001,                 0.0001
                    177,                 0.8433,                0.47678,                0.12834,                 0.6218,                0.47264,                0.49335,                0.30233,                0.56601,                0.56596,                0.06441,                 0.0001,                 0.0001,                 0.0001
                    178,                0.83158,                0.47804,                0.12446,                0.62286,                0.47242,                0.49406,                 0.3024,                0.56556,                0.56631,                0.06435,                 0.0001,                 0.0001,                 0.0001
                    179,                0.82303,                0.48026,                0.12245,                0.62047,                  0.475,                0.49546,                0.30357,                0.56504,                 0.5664,                0.06412,                 0.0001,                 0.0001,                 0.0001
                    180,                0.83503,                 0.4775,                0.12659,                0.62173,                0.47105,                0.49433,                0.30253,                0.56375,                0.56692,                0.06375,                 0.0001,                 0.0001,                 0.0001
                    181,                0.82001,                 0.4796,                0.12353,                0.62399,                0.47189,                0.49469,                0.30349,                0.56413,                0.56648,                0.06384,                 0.0001,                 0.0001,                 0.0001
                    182,                0.82156,                0.47959,                 0.1229,                0.62291,                0.47292,                0.49517,                0.30382,                0.56387,                0.56648,                0.06363,                 0.0001,                 0.0001,                 0.0001
                    183,                0.82577,                0.48045,                0.12531,                0.62653,                0.47182,                0.49596,                0.30431,                0.56328,                0.56701,                0.06338,                 0.0001,                 0.0001,                 0.0001
                    184,                0.82131,                0.48096,                0.12197,                0.62863,                0.47181,                 0.4969,                0.30517,                 0.5627,                0.56723,                0.06347,                 0.0001,                 0.0001,                 0.0001
                    185,                 0.8202,                 0.4801,                 0.1222,                 0.6282,                0.47421,                0.49812,                 0.3053,                0.56255,                0.56709,                0.06354,                 0.0001,                 0.0001,                 0.0001
                    186,                0.82532,                0.47922,                0.12424,                0.62916,                0.47506,                0.49961,                0.30616,                0.56224,                0.56683,                0.06344,                 0.0001,                 0.0001,                 0.0001
                    187,                0.81523,                0.48189,                0.12285,                0.63198,                0.47135,                0.49829,                0.30544,                0.56234,                0.56694,                0.06344,                 0.0001,                 0.0001,                 0.0001
                    188,                0.82704,                0.47726,                0.12506,                0.63349,                0.47041,                0.49852,                0.30561,                0.56219,                0.56686,                0.06338,                 0.0001,                 0.0001,                 0.0001
                    189,                0.82506,                 0.4794,                0.12275,                0.63284,                0.47051,                0.49776,                0.30543,                0.56128,                0.56721,                0.06341,                 0.0001,                 0.0001,                 0.0001
                    190,                 0.8228,                0.47895,                0.12112,                0.62962,                0.47228,                0.49745,                0.30565,                0.56166,                0.56726,                 0.0634,                 0.0001,                 0.0001,                 0.0001
                    191,                0.81939,                0.48052,                0.11925,                 0.6285,                0.47209,                0.49804,                0.30601,                0.56126,                0.56748,                0.06337,                 0.0001,                 0.0001,                 0.0001
                    192,                0.81891,                0.47882,                0.12204,                0.62952,                0.47144,                0.49839,                0.30612,                0.56083,                0.56765,                 0.0633,                 0.0001,                 0.0001,                 0.0001
                    193,                0.82615,                0.47785,                0.12631,                0.62311,                0.47308,                0.49864,                0.30632,                 0.5602,                0.56802,                0.06321,                 0.0001,                 0.0001,                 0.0001
                    194,                0.82888,                 0.4749,                0.12465,                0.62788,                0.47195,                0.49825,                0.30598,                0.56019,                0.56753,                 0.0632,                 0.0001,                 0.0001,                 0.0001
                    195,                0.81435,                0.48143,                  0.122,                0.62942,                0.46957,                0.49785,                0.30569,                0.56052,                0.56735,                0.06321,                 0.0001,                 0.0001,                 0.0001
                    196,                0.81247,                0.47981,                0.12161,                0.63399,                0.46802,                0.49861,                0.30614,                 0.5606,                0.56695,                0.06338,                 0.0001,                 0.0001,                 0.0001
                    197,                0.82396,                0.47553,                0.12356,                0.63723,                0.46582,                0.49763,                0.30564,                0.56087,                0.56677,                0.06334,                 0.0001,                 0.0001,                 0.0001
                    198,                 0.8146,                0.47895,                0.12081,                0.63509,                0.46767,                0.49829,                0.30617,                0.56085,                0.56668,                0.06335,                 0.0001,                 0.0001,                 0.0001
                    199,                0.81615,                0.47843,                0.12267,                0.63126,                 0.4691,                0.49819,                0.30639,                0.56076,                0.56665,                0.06334,                 0.0001,                 0.0001,                 0.0001
                    200,                0.81483,                0.47868,                0.12039,                0.63256,                0.47228,                0.50009,                  0.307,                0.56031,                 0.5673,                 0.0634,                 0.0001,                 0.0001,                 0.0001
                    201,                0.81792,                 0.4781,                0.12153,                0.63145,                0.47323,                0.50064,                0.30751,                0.56038,                0.56687,                0.06325,                 0.0001,                 0.0001,                 0.0001
                    202,                0.82104,                0.47535,                0.12341,                 0.6313,                0.47485,                0.50238,                0.30873,                0.56018,                0.56712,                0.06316,                 0.0001,                 0.0001,                 0.0001
                    203,                0.81449,                0.47779,                 0.1237,                0.63304,                0.47381,                0.50238,                0.30904,                0.56001,                0.56744,                0.06319,                 0.0001,                 0.0001,                 0.0001
                    204,                0.81428,                0.47759,                0.12147,                0.63242,                0.47575,                0.50302,                0.30943,                0.55968,                 0.5674,                0.06306,                 0.0001,                 0.0001,                 0.0001
                    205,                0.81075,                0.47702,                0.11937,                0.63174,                0.47625,                0.50366,                0.30994,                0.55901,                0.56777,                0.06284,                 0.0001,                 0.0001,                 0.0001
                    206,                0.80547,                0.47826,                0.11702,                0.63439,                0.47233,                0.50269,                0.30934,                0.55928,                0.56748,                0.06293,                 0.0001,                 0.0001,                 0.0001
                    207,                0.81412,                0.47651,                0.12044,                0.63139,                0.47424,                0.50173,                0.30856,                0.55915,                0.56749,                0.06291,                 0.0001,                 0.0001,                 0.0001
                    208,                 0.8173,                0.47563,                0.12262,                0.63435,                0.47445,                0.50261,                0.30935,                0.55925,                0.56763,                0.06272,                 0.0001,                 0.0001,                 0.0001
                    209,                0.80326,                0.47991,                0.11812,                0.63595,                0.47504,                0.50399,                0.31024,                0.55913,                0.56748,                0.06261,                 0.0001,                 0.0001,                 0.0001
                    210,                0.81175,                0.47719,                0.12072,                0.63197,                0.47734,                0.50465,                0.31088,                0.55939,                0.56713,                0.06278,                 0.0001,                 0.0001,                 0.0001
                    211,                0.80695,                0.47833,                0.11911,                0.63053,                0.47848,                0.50549,                0.31134,                 0.5591,                0.56747,                0.06275,                 0.0001,                 0.0001,                 0.0001
                    212,                0.79877,                0.48038,                0.11581,                0.63324,                0.47916,                0.50492,                0.31087,                0.55876,                0.56768,                0.06238,                 0.0001,                 0.0001,                 0.0001
                    213,                0.80814,                0.47778,                0.11958,                0.63082,                0.48107,                 0.5053,                0.31097,                0.55832,                 0.5678,                0.06242,                 0.0001,                 0.0001,                 0.0001
                    214,                0.80267,                0.47815,                0.11964,                0.63255,                0.48007,                 0.5048,                  0.311,                0.55901,                0.56737,                0.06275,                 0.0001,                 0.0001,                 0.0001
                    215,                0.80454,                0.47802,                0.11824,                0.63024,                  0.481,                0.50528,                0.31105,                0.55947,                0.56731,                0.06297,                 0.0001,                 0.0001,                 0.0001
                    216,                0.80045,                0.47734,                0.11709,                0.63135,                0.48088,                0.50601,                 0.3119,                0.55932,                  0.567,                0.06275,                 0.0001,                 0.0001,                 0.0001
                    217,                0.80432,                0.47684,                0.11818,                0.63323,                0.47891,                0.50485,                0.31081,                0.55962,                0.56671,                0.06283,                 0.0001,                 0.0001,                 0.0001
                    218,                0.80587,                0.47632,                0.11821,                0.63562,                0.47894,                0.50597,                0.31094,                0.55955,                0.56682,                0.06267,                 0.0001,                 0.0001,                 0.0001
                    219,                0.80411,                0.47594,                0.11821,                0.63756,                0.47848,                0.50596,                0.31127,                0.55942,                0.56692,                0.06263,                 0.0001,                 0.0001,                 0.0001
                    220,                0.81225,                0.47491,                0.11988,                0.63684,                0.47892,                0.50614,                 0.3112,                0.55942,                0.56682,                0.06307,                 0.0001,                 0.0001,                 0.0001
                    221,                0.80657,                 0.4774,                 0.1192,                0.63581,                0.47896,                 0.5056,                0.31065,                0.55939,                0.56663,                0.06288,                 0.0001,                 0.0001,                 0.0001
                    222,                0.80664,                 0.4769,                0.12051,                 0.6331,                 0.4801,                0.50661,                0.31151,                0.55915,                0.56649,                 0.0629,                 0.0001,                 0.0001,                 0.0001
                    223,                  0.809,                0.47821,                0.11984,                0.63329,                0.48259,                0.50721,                0.31153,                0.55882,                0.56665,                0.06283,                 0.0001,                 0.0001,                 0.0001
                    224,                0.80067,                0.47744,                0.11972,                0.63135,                0.48155,                0.50596,                0.31121,                0.55901,                0.56616,                0.06298,                 0.0001,                 0.0001,                 0.0001
                    225,                0.79458,                0.47895,                0.11472,                  0.633,                0.48146,                0.50599,                0.31091,                0.55925,                0.56633,                0.06297,                 0.0001,                 0.0001,                 0.0001
                    226,                0.80165,                0.47688,                0.12056,                0.63689,                0.48049,                0.50791,                0.31208,                0.55895,                0.56631,                0.06288,                 0.0001,                 0.0001,                 0.0001
                    227,                0.80548,                0.47447,                0.11927,                0.63461,                0.47987,                0.50743,                0.31163,                 0.5585,                0.56651,                0.06261,                 0.0001,                 0.0001,                 0.0001
                    228,                0.81332,                0.47334,                0.12077,                0.63118,                0.48186,                0.50737,                0.31167,                0.55835,                  0.567,                0.06272,                 0.0001,                 0.0001,                 0.0001
                    229,                0.80837,                0.47374,                0.11945,                0.63433,                0.48181,                0.50779,                0.31198,                0.55845,                0.56678,                0.06289,                 0.0001,                 0.0001,                 0.0001
                    230,                0.80501,                0.47623,                0.12091,                0.63158,                0.48271,                0.50702,                0.31145,                0.55862,                0.56693,                 0.0629,                 0.0001,                 0.0001,                 0.0001
                    231,                0.80874,                0.47447,                0.11953,                0.63404,                0.48037,                0.50679,                0.31118,                0.55873,                0.56661,                0.06311,                 0.0001,                 0.0001,                 0.0001
                    232,                0.79823,                0.47558,                0.11728,                0.63517,                0.48034,                0.50677,                0.31143,                0.55829,                0.56697,                0.06302,                 0.0001,                 0.0001,                 0.0001
                    233,                0.79607,                 0.4759,                0.11713,                0.63562,                0.48206,                0.50676,                0.31124,                0.55809,                0.56694,                0.06298,                 0.0001,                 0.0001,                 0.0001
                    234,                0.79966,                0.47526,                0.11735,                0.63745,                0.48268,                  0.507,                0.31124,                0.55746,                0.56739,                0.06279,                 0.0001,                 0.0001,                 0.0001
                    235,                0.80173,                0.47483,                0.11585,                0.63931,                 0.4829,                0.50768,                0.31157,                0.55744,                0.56711,                0.06262,                 0.0001,                 0.0001,                 0.0001
                    236,                0.79493,                0.47585,                0.11676,                 0.6379,                  0.484,                 0.5079,                0.31174,                0.55697,                0.56719,                0.06247,                 0.0001,                 0.0001,                 0.0001
                    237,                0.80941,                0.47203,                0.12093,                0.63445,                0.48708,                0.50839,                0.31228,                0.55679,                0.56726,                0.06243,                 0.0001,                 0.0001,                 0.0001
                    238,                0.80183,                0.47361,                0.11726,                0.63765,                0.48638,                0.50899,                0.31267,                0.55721,                0.56709,                 0.0627,                 0.0001,                 0.0001,                 0.0001
                    239,                0.80082,                 0.4755,                 0.1193,                0.63747,                0.48645,                0.50933,                0.31273,                0.55698,                0.56739,                0.06246,                 0.0001,                 0.0001,                 0.0001
                    240,                0.78682,                0.47644,                 0.1155,                 0.6363,                0.48584,                0.50875,                0.31228,                 0.5569,                0.56741,                0.06246,                 0.0001,                 0.0001,                 0.0001
                    241,                 0.8003,                0.47332,                0.11763,                0.63756,                0.48617,                0.50948,                0.31248,                0.55672,                0.56786,                 0.0625,                 0.0001,                 0.0001,                 0.0001
                    242,                0.80276,                0.47373,                0.11815,                 0.6381,                0.48563,                 0.5098,                0.31285,                0.55634,                 0.5676,                 0.0623,                 0.0001,                 0.0001,                 0.0001
                    243,                0.79389,                0.47428,                0.11478,                0.63357,                0.48714,                0.50944,                 0.3127,                0.55638,                0.56771,                0.06231,                 0.0001,                 0.0001,                 0.0001
                    244,                0.79876,                0.47436,                0.11645,                0.63269,                0.48806,                0.50992,                0.31281,                0.55616,                0.56828,                0.06226,                 0.0001,                 0.0001,                 0.0001
                    245,                0.80753,                0.47149,                0.12102,                0.63116,                0.48955,                0.51046,                0.31321,                0.55659,                0.56817,                0.06228,                 0.0001,                 0.0001,                 0.0001
                    246,                0.79548,                0.47483,                0.11735,                0.62998,                0.48894,                0.51025,                0.31329,                0.55626,                0.56823,                0.06226,                 0.0001,                 0.0001,                 0.0001
                    247,                0.80253,                0.47426,                0.11816,                0.63069,                0.48968,                 0.5113,                0.31384,                0.55585,                0.56804,                0.06221,                 0.0001,                 0.0001,                 0.0001
                    248,                0.80189,                0.47363,                0.11898,                 0.6303,                0.49062,                0.51096,                0.31371,                0.55583,                0.56814,                0.06209,                 0.0001,                 0.0001,                 0.0001
                    249,                0.79926,                0.47347,                0.11922,                 0.6328,                 0.4894,                0.51032,                0.31345,                0.55576,                0.56809,                0.06206,                 0.0001,                 0.0001,                 0.0001
                    250,                0.78383,                0.47529,                0.11195,                0.63551,                0.48724,                0.51017,                0.31373,                0.55592,                0.56815,                0.06213,                 0.0001,                 0.0001,                 0.0001
                    251,                  0.792,                0.47483,                0.11569,                 0.6423,                0.48602,                 0.5105,                0.31425,                0.55559,                0.56817,                0.06194,                 0.0001,                 0.0001,                 0.0001
                    252,                0.79326,                0.47232,                0.11565,                0.63805,                0.48547,                 0.5091,                0.31353,                0.55575,                0.56825,                0.06204,                 0.0001,                 0.0001,                 0.0001
                    253,                0.79172,                0.47367,                0.11718,                0.63929,                0.48577,                0.51021,                0.31441,                0.55576,                0.56803,                 0.0621,                 0.0001,                 0.0001,                 0.0001
                    254,                0.79843,                0.47245,                 0.1176,                0.64041,                0.48692,                0.50982,                0.31417,                0.55529,                0.56828,                0.06185,                 0.0001,                 0.0001,                 0.0001
                    255,                0.79075,                0.47276,                0.11644,                0.64252,                0.48868,                0.51056,                0.31464,                0.55486,                0.56832,                0.06183,                 0.0001,                 0.0001,                 0.0001
                    256,                0.79122,                0.47445,                0.11369,                0.63607,                0.48998,                0.51018,                0.31454,                0.55436,                0.56824,                0.06161,                 0.0001,                 0.0001,                 0.0001
                    257,                0.79278,                0.47436,                0.11561,                0.63897,                 0.4889,                0.51011,                0.31458,                0.55486,                0.56856,                0.06186,                 0.0001,                 0.0001,                 0.0001
                    258,                0.79203,                0.47202,                0.11579,                0.63937,                0.48857,                0.51041,                0.31464,                0.55444,                0.56904,                0.06178,                 0.0001,                 0.0001,                 0.0001
                    259,                0.78603,                0.47443,                0.11456,                0.63726,                0.48946,                0.51029,                0.31479,                0.55477,                0.56871,                0.06181,                 0.0001,                 0.0001,                 0.0001
                    260,                0.78795,                0.47397,                0.11455,                0.63274,                0.48946,                0.51057,                0.31463,                0.55456,                0.56856,                0.06187,                 0.0001,                 0.0001,                 0.0001
                    261,                0.80195,                 0.4719,                0.11918,                0.63801,                0.48772,                 0.5104,                0.31472,                0.55513,                0.56862,                0.06193,                 0.0001,                 0.0001,                 0.0001
                    262,                0.80344,                0.47015,                0.12082,                0.63622,                0.48647,                0.50909,                0.31381,                0.55556,                0.56854,                0.06206,                 0.0001,                 0.0001,                 0.0001
                    263,                 0.7874,                0.47476,                0.11439,                0.63856,                0.48604,                0.51003,                0.31411,                0.55531,                0.56853,                0.06212,                 0.0001,                 0.0001,                 0.0001
                    264,                0.79164,                0.47435,                 0.1143,                0.64111,                0.48528,                0.51067,                0.31436,                0.55511,                0.56861,                 0.0621,                 0.0001,                 0.0001,                 0.0001
                    265,                0.79853,                0.47194,                0.11875,                0.63555,                0.48772,                0.51111,                0.31468,                0.55525,                0.56837,                0.06208,                 0.0001,                 0.0001,                 0.0001
                    266,                 0.7901,                0.47171,                0.11762,                 0.6327,                0.48944,                0.51161,                0.31489,                0.55533,                0.56868,                0.06228,                 0.0001,                 0.0001,                 0.0001
                    267,                0.78687,                0.47304,                0.11356,                0.63303,                0.49075,                0.51195,                0.31527,                0.55501,                0.56891,                0.06204,                 0.0001,                 0.0001,                 0.0001
                    268,                0.78852,                0.47329,                0.11551,                0.63196,                0.49032,                0.51237,                0.31592,                0.55455,                0.56897,                0.06212,                 0.0001,                 0.0001,                 0.0001
                    269,                0.78061,                0.47315,                0.11418,                0.63132,                0.49031,                0.51233,                0.31599,                0.55448,                0.56926,                0.06208,                 0.0001,                 0.0001,                 0.0001
                    270,                0.79222,                0.46941,                 0.1152,                0.63466,                 0.4902,                0.51219,                0.31573,                0.55458,                0.56902,                0.06213,                 0.0001,                 0.0001,                 0.0001
                    271,                0.78808,                0.47313,                0.11527,                0.63379,                0.48896,                0.51229,                0.31599,                0.55431,                0.56941,                0.06198,                 0.0001,                 0.0001,                 0.0001
                    272,                0.77866,                0.47393,                0.11284,                 0.6342,                0.49179,                0.51205,                0.31589,                0.55466,                0.56972,                0.06219,                 0.0001,                 0.0001,                 0.0001
                    273,                0.80698,                0.46941,                0.12035,                0.63062,                0.49201,                 0.5117,                0.31519,                0.55472,                0.56969,                0.06232,                 0.0001,                 0.0001,                 0.0001
                    274,                0.80327,                0.46996,                0.11869,                0.62855,                0.49188,                0.51083,                0.31464,                  0.555,                0.56972,                0.06245,                 0.0001,                 0.0001,                 0.0001
                    275,                0.77869,                0.47571,                0.11419,                0.63007,                0.48986,                0.51061,                0.31419,                0.55508,                0.56994,                 0.0624,                 0.0001,                 0.0001,                 0.0001
                    276,                0.79359,                0.47022,                  0.116,                0.63513,                0.48995,                0.51137,                0.31459,                0.55522,                0.56945,                0.06248,                 0.0001,                 0.0001,                 0.0001
                    277,                0.78567,                  0.472,                0.11571,                0.63088,                0.49239,                0.51179,                0.31503,                0.55497,                0.56976,                0.06253,                 0.0001,                 0.0001,                 0.0001
                    278,                0.78781,                0.47145,                0.11438,                0.62916,                0.49294,                0.51193,                0.31502,                0.55501,                0.56961,                0.06255,                 0.0001,                 0.0001,                 0.0001
                    279,                0.78472,                0.47156,                0.11415,                0.63063,                0.49044,                0.51088,                0.31467,                0.55459,                0.57011,                0.06249,                 0.0001,                 0.0001,                 0.0001
                    280,                0.78363,                0.47235,                0.11564,                 0.6338,                0.49127,                0.51187,                0.31586,                 0.5542,                0.56994,                0.06237,                 0.0001,                 0.0001,                 0.0001
                    281,                0.77768,                0.47415,                0.11075,                0.63375,                0.49188,                0.51226,                0.31632,                 0.5541,                0.56985,                0.06239,                 0.0001,                 0.0001,                 0.0001
                    282,                0.78623,                0.47233,                0.11481,                0.63403,                0.49246,                0.51171,                0.31639,                0.55427,                0.57028,                0.06253,                 0.0001,                 0.0001,                 0.0001
                    283,                0.78591,                0.47204,                 0.1131,                 0.6354,                 0.4916,                0.51178,                0.31644,                0.55438,                0.57008,                0.06268,                 0.0001,                 0.0001,                 0.0001
                    284,                0.78617,                 0.4715,                0.11742,                0.63538,                0.49161,                0.51115,                0.31583,                0.55421,                0.57003,                0.06268,                 0.0001,                 0.0001,                 0.0001
                    285,                0.77063,                0.47558,                0.11022,                0.63404,                0.49248,                0.51138,                0.31589,                0.55376,                0.57026,                0.06258,                 0.0001,                 0.0001,                 0.0001
                    286,                0.78309,                0.47063,                0.11492,                0.63297,                 0.4911,                0.51036,                0.31503,                0.55387,                0.57015,                0.06257,                 0.0001,                 0.0001,                 0.0001
                    287,                0.77208,                0.47499,                0.10999,                0.63096,                0.49279,                0.51082,                0.31498,                0.55417,                0.57018,                0.06262,                 0.0001,                 0.0001,                 0.0001
                    288,                0.78774,                0.47066,                0.11657,                0.63251,                0.49206,                0.51136,                0.31518,                0.55366,                0.57012,                0.06225,                 0.0001,                 0.0001,                 0.0001
                    289,                0.77367,                 0.4732,                0.10996,                0.63059,                0.49213,                0.51069,                0.31441,                0.55365,                0.57022,                0.06259,                 0.0001,                 0.0001,                 0.0001
                    290,                 0.7791,                0.47119,                0.11201,                 0.6307,                0.49246,                0.51064,                0.31467,                0.55358,                0.57018,                0.06261,                 0.0001,                 0.0001,                 0.0001
                    291,                0.78167,                0.47225,                0.11393,                 0.6315,                0.49231,                0.51056,                0.31495,                0.55388,                0.57033,                0.06274,                 0.0001,                 0.0001,                 0.0001
                    292,                0.76549,                0.47462,                0.10901,                0.63309,                0.49193,                0.51086,                0.31494,                0.55347,                0.57078,                0.06257,                 0.0001,                 0.0001,                 0.0001
                    293,                0.77359,                0.47263,                0.10913,                0.63475,                0.49273,                0.51103,                0.31511,                0.55329,                0.57082,                0.06252,                 0.0001,                 0.0001,                 0.0001
                    294,                0.77739,                0.47276,                0.11406,                0.63062,                0.49402,                0.51088,                0.31504,                0.55274,                0.57133,                0.06245,                 0.0001,                 0.0001,                 0.0001
                    295,                0.77174,                 0.4739,                0.11157,                0.63174,                 0.4934,                0.51072,                0.31512,                0.55308,                0.57092,                0.06264,                 0.0001,                 0.0001,                 0.0001
                    296,                0.77351,                0.47257,                0.11077,                0.63068,                0.49363,                0.51094,                0.31528,                0.55293,                0.57106,                0.06252,                 0.0001,                 0.0001,                 0.0001
                    297,                0.78168,                 0.4697,                0.11202,                0.63344,                0.49373,                 0.5121,                0.31599,                0.55302,                 0.5709,                0.06267,                 0.0001,                 0.0001,                 0.0001
                    298,                0.78049,                0.47025,                0.11144,                0.63246,                0.49218,                 0.5121,                0.31627,                0.55315,                0.57083,                0.06269,                 0.0001,                 0.0001,                 0.0001
                    299,                0.77427,                 0.4731,                0.11254,                0.62929,                0.49248,                0.51001,                0.31483,                0.55268,                0.57116,                0.06255,                 0.0001,                 0.0001,                 0.0001
                    300,                0.76938,                0.47457,                0.10881,                0.62839,                0.49028,                 0.5092,                0.31449,                 0.5533,                0.57104,                0.06278,                 0.0001,                 0.0001,                 0.0001
                    301,                0.78022,                0.47045,                0.11454,                0.63185,                0.49017,                0.50961,                0.31474,                0.55326,                0.57094,                0.06273,                 0.0001,                 0.0001,                 0.0001
                    302,                0.77581,                0.47327,                0.11018,                0.63222,                 0.4895,                0.50983,                0.31468,                0.55297,                0.57152,                0.06237,                 0.0001,                 0.0001,                 0.0001
                    303,                0.77998,                0.46876,                0.11313,                0.63435,                0.48858,                0.51031,                0.31485,                0.55296,                0.57132,                0.06236,                 0.0001,                 0.0001,                 0.0001
                    304,                0.78094,                0.47042,                0.11389,                0.63221,                0.48933,                0.51049,                0.31509,                0.55274,                0.57136,                 0.0625,                 0.0001,                 0.0001,                 0.0001
                    305,                0.76856,                0.47271,                0.10892,                0.63459,                0.48641,                0.51002,                0.31476,                 0.5528,                 0.5713,                0.06234,                 0.0001,                 0.0001,                 0.0001
                    306,                 0.7775,                0.47347,                0.11348,                0.63255,                 0.4888,                0.51011,                0.31451,                0.55305,                0.57152,                0.06279,                 0.0001,                 0.0001,                 0.0001
                    307,                0.77422,                0.47034,                0.11165,                0.63499,                0.48814,                0.50906,                0.31381,                0.55336,                0.57211,                0.06275,                 0.0001,                 0.0001,                 0.0001
                    308,                 0.7678,                0.47263,                0.10816,                0.63657,                0.48635,                0.50947,                0.31389,                0.55418,                0.57171,                0.06301,                 0.0001,                 0.0001,                 0.0001
                    309,                0.76525,                0.47359,                0.10901,                0.63646,                0.48871,                0.51021,                0.31461,                0.55392,                0.57212,                0.06315,                 0.0001,                 0.0001,                 0.0001
                    310,                0.77312,                0.47233,                0.11194,                0.63753,                0.48734,                0.51003,                0.31458,                0.55418,                0.57174,                0.06332,                 0.0001,                 0.0001,                 0.0001
                    311,                0.76967,                0.47129,                0.10851,                0.64057,                0.48617,                0.51001,                0.31448,                0.55416,                0.57175,                0.06334,                 0.0001,                 0.0001,                 0.0001
                    312,                0.77818,                0.47043,                0.11335,                0.63835,                0.48566,                0.50967,                0.31443,                0.55338,                0.57235,                0.06312,                 0.0001,                 0.0001,                 0.0001
                    313,                0.76594,                0.47167,                0.10937,                0.63703,                0.48819,                0.50974,                0.31483,                0.55299,                0.57258,                  0.063,                 0.0001,                 0.0001,                 0.0001
                    314,                0.76871,                 0.4708,                0.11054,                0.63494,                0.48768,                0.50969,                0.31496,                0.55339,                0.57262,                0.06301,                 0.0001,                 0.0001,                 0.0001
                    315,                0.76948,                0.47235,                0.10935,                0.63765,                0.49018,                0.51059,                0.31578,                0.55285,                 0.5731,                0.06277,                 0.0001,                 0.0001,                 0.0001
                    316,                0.77693,                0.46913,                0.11315,                0.63577,                0.49216,                  0.511,                0.31567,                0.55287,                0.57313,                0.06271,                 0.0001,                 0.0001,                 0.0001
                    317,                0.76649,                0.46993,                0.11141,                0.63996,                0.49262,                0.51177,                0.31638,                0.55294,                0.57266,                0.06258,                 0.0001,                 0.0001,                 0.0001
                    318,                 0.7632,                0.47169,                0.10806,                0.64251,                0.49334,                0.51327,                0.31737,                0.55288,                0.57276,                0.06272,                 0.0001,                 0.0001,                 0.0001
                    319,                0.76989,                0.47067,                0.11086,                0.63962,                0.49259,                0.51311,                0.31728,                0.55275,                0.57314,                0.06272,                 0.0001,                 0.0001,                 0.0001
                    320,                0.77015,                0.47175,                 0.1097,                0.63808,                0.49215,                0.51301,                0.31756,                 0.5525,                0.57319,                0.06267,                 0.0001,                 0.0001,                 0.0001
                    321,                0.76007,                  0.472,                0.10637,                0.63739,                0.49344,                0.51292,                0.31764,                0.55233,                0.57329,                0.06277,                 0.0001,                 0.0001,                 0.0001
                    322,                0.76345,                0.47289,                  0.108,                0.63859,                0.49271,                0.51231,                0.31716,                 0.5516,                0.57411,                0.06262,                 0.0001,                 0.0001,                 0.0001
                    323,                0.76602,                 0.4704,                 0.1099,                0.63285,                0.49513,                 0.5127,                0.31735,                0.55123,                0.57415,                0.06234,                 0.0001,                 0.0001,                 0.0001
                    324,                 0.7561,                0.47445,                0.10592,                0.63043,                0.49433,                0.51217,                0.31642,                0.55132,                0.57456,                0.06239,                 0.0001,                 0.0001,                 0.0001
                    325,                0.77056,                0.46986,                0.11224,                0.62912,                0.49682,                0.51282,                0.31709,                0.55166,                0.57412,                0.06247,                 0.0001,                 0.0001,                 0.0001
                    326,                0.76496,                0.47121,                 0.1088,                0.62809,                0.49647,                0.51302,                0.31662,                0.55109,                0.57479,                0.06235,                 0.0001,                 0.0001,                 0.0001
                    327,                0.76056,                0.47309,                0.11028,                0.63159,                 0.4929,                0.51261,                0.31629,                0.55043,                0.57507,                0.06209,                 0.0001,                 0.0001,                 0.0001
                    328,                0.76699,                 0.4719,                0.11021,                0.63223,                0.49496,                0.51411,                0.31721,                0.55017,                 0.5752,                0.06201,                 0.0001,                 0.0001,                 0.0001
                    329,                0.77236,                0.46751,                0.11036,                0.63341,                0.49322,                0.51295,                0.31642,                0.55076,                0.57512,                0.06215,                 0.0001,                 0.0001,                 0.0001
                    330,                0.76287,                0.46935,                0.10995,                0.63381,                0.49361,                0.51329,                0.31644,                0.55059,                0.57518,                0.06216,                 0.0001,                 0.0001,                 0.0001
                    331,                0.76085,                0.47044,                0.10815,                0.63836,                0.49222,                0.51347,                0.31626,                0.55002,                0.57562,                0.06182,                 0.0001,                 0.0001,                 0.0001
                    332,                0.75296,                0.47196,                0.10547,                0.63577,                0.49259,                0.51298,                0.31625,                0.54996,                0.57569,                0.06183,                 0.0001,                 0.0001,                 0.0001
                    333,                0.77074,                0.46814,                  0.111,                0.63545,                0.49326,                0.51211,                0.31557,                0.54995,                0.57582,                0.06154,                 0.0001,                 0.0001,                 0.0001
                    334,                0.75957,                0.47093,                0.10906,                0.63357,                0.49408,                0.51182,                0.31552,                 0.5499,                0.57557,                 0.0617,                 0.0001,                 0.0001,                 0.0001
                    335,                0.76081,                0.47109,                0.10776,                0.62933,                0.49563,                0.51105,                0.31461,                0.55001,                0.57519,                0.06158,                 0.0001,                 0.0001,                 0.0001
                    336,                0.75119,                0.47455,                0.10554,                0.62992,                0.49712,                0.51193,                0.31534,                0.54992,                0.57525,                0.06155,                 0.0001,                 0.0001,                 0.0001
                    337,                0.76858,                0.46822,                 0.1108,                0.62793,                0.49638,                0.51127,                0.31496,                0.55015,                0.57492,                0.06166,                 0.0001,                 0.0001,                 0.0001
                    338,                0.75988,                0.47125,                0.10793,                0.62849,                 0.4978,                0.51203,                0.31543,                 0.5504,                0.57547,                0.06185,                 0.0001,                 0.0001,                 0.0001
                    339,                0.75622,                 0.4703,                0.10584,                0.62933,                0.49709,                0.51177,                0.31506,                0.55019,                 0.5758,                 0.0618,                 0.0001,                 0.0001,                 0.0001
                    340,                0.76186,                0.46959,                0.10849,                0.62936,                0.49739,                0.51193,                0.31513,                0.54962,                0.57627,                0.06161,                 0.0001,                 0.0001,                 0.0001
                    341,                0.75957,                0.46913,                0.10787,                0.62902,                0.49536,                0.51172,                0.31518,                0.54987,                0.57626,                0.06186,                 0.0001,                 0.0001,                 0.0001
                    342,                  0.763,                0.46916,                0.10871,                0.62885,                0.49821,                0.51322,                0.31583,                0.54985,                0.57653,                0.06179,                 0.0001,                 0.0001,                 0.0001
                    343,                0.76537,                0.46831,                0.11219,                0.62865,                0.49733,                  0.514,                0.31647,                0.54975,                0.57615,                0.06183,                 0.0001,                 0.0001,                 0.0001
                    344,                0.76061,                0.46894,                0.10852,                0.63103,                 0.4963,                0.51362,                 0.3168,                0.55023,                0.57596,                0.06197,                 0.0001,                 0.0001,                 0.0001
                    345,                0.76754,                0.46607,                0.11313,                0.63232,                 0.4942,                0.51331,                0.31706,                0.55005,                0.57611,                0.06191,                 0.0001,                 0.0001,                 0.0001
                    346,                0.75522,                0.46958,                0.10795,                0.63768,                0.49396,                0.51405,                0.31718,                0.54995,                0.57626,                0.06213,                 0.0001,                 0.0001,                 0.0001
                    347,                 0.7597,                0.46712,                0.10789,                0.63678,                0.49492,                0.51431,                 0.3171,                0.54984,                 0.5765,                0.06189,                 0.0001,                 0.0001,                 0.0001
                    348,                0.75324,                0.47065,                0.10609,                0.63424,                0.49751,                0.51495,                0.31758,                0.54967,                0.57672,                0.06185,                 0.0001,                 0.0001,                 0.0001
                    349,                0.75631,                0.46875,                0.10772,                0.63613,                0.49594,                0.51352,                0.31686,                0.54901,                0.57743,                 0.0615,                 0.0001,                 0.0001,                 0.0001
                    350,                0.76438,                0.46903,                 0.1078,                0.64154,                0.49204,                0.51346,                0.31658,                0.54882,                0.57743,                0.06156,                 0.0001,                 0.0001,                 0.0001
                    351,                0.74279,                 0.4709,                0.10231,                0.64165,                0.49284,                0.51357,                0.31629,                0.54869,                0.57749,                0.06164,                 0.0001,                 0.0001,                 0.0001
                    352,                0.75841,                0.46741,                0.10895,                0.64053,                0.49241,                0.51305,                0.31582,                0.54825,                0.57766,                0.06169,                 0.0001,                 0.0001,                 0.0001
                    353,                0.74598,                0.47044,                0.10333,                0.64249,                0.49314,                0.51345,                0.31589,                0.54825,                0.57778,                0.06148,                 0.0001,                 0.0001,                 0.0001
                    354,                0.75737,                0.46694,                0.10589,                0.64253,                0.49306,                0.51299,                 0.3159,                 0.5482,                0.57752,                0.06142,                 0.0001,                 0.0001,                 0.0001
                    355,                 0.7602,                0.46628,                0.10782,                0.64465,                0.49113,                0.51284,                0.31579,                0.54851,                0.57702,                0.06156,                 0.0001,                 0.0001,                 0.0001
                    356,                0.75805,                0.46832,                0.10728,                0.64752,                 0.4901,                0.51278,                0.31562,                0.54844,                0.57688,                0.06136,                 0.0001,                 0.0001,                 0.0001
                    357,                0.75262,                0.46953,                0.10858,                0.64044,                0.49407,                0.51217,                0.31551,                0.54922,                0.57627,                0.06178,                 0.0001,                 0.0001,                 0.0001
                    358,                0.74412,                0.47092,                0.10522,                0.64003,                0.49431,                0.51238,                0.31537,                0.54972,                 0.5762,                0.06182,                 0.0001,                 0.0001,                 0.0001
                    359,                0.75669,                0.46691,                0.10825,                0.63803,                0.49415,                 0.5125,                0.31568,                0.55014,                 0.5763,                0.06192,                 0.0001,                 0.0001,                 0.0001
                    360,                0.75024,                0.46759,                0.10569,                0.63453,                0.49651,                0.51287,                0.31599,                0.54982,                0.57644,                0.06185,                 0.0001,                 0.0001,                 0.0001
                    361,                0.74596,                0.46882,                0.10645,                  0.636,                0.49423,                 0.5128,                0.31593,                0.54995,                0.57653,                0.06192,                 0.0001,                 0.0001,                 0.0001
                    362,                0.75584,                0.46819,                0.10957,                0.63836,                0.49253,                0.51293,                0.31606,                0.54962,                0.57668,                0.06184,                 0.0001,                 0.0001,                 0.0001
                    363,                0.75674,                0.46558,                0.10761,                0.63443,                0.49668,                0.51396,                0.31666,                0.55009,                0.57569,                0.06185,                 0.0001,                 0.0001,                 0.0001
                    364,                 0.7549,                 0.4692,                0.10742,                0.63589,                0.49601,                0.51399,                0.31632,                0.55007,                0.57653,                0.06195,                 0.0001,                 0.0001,                 0.0001
                    365,                0.74548,                0.47071,                0.10574,                0.63868,                0.49413,                 0.5136,                0.31616,                0.55029,                0.57655,                0.06216,                 0.0001,                 0.0001,                 0.0001
                    366,                0.75246,                0.46806,                0.10709,                 0.6365,                0.49606,                 0.5136,                 0.3161,                0.55098,                 0.5764,                0.06239,                 0.0001,                 0.0001,                 0.0001
                    367,                0.74418,                0.47115,                0.10614,                0.63632,                0.49495,                0.51281,                 0.3154,                0.55087,                0.57641,                0.06228,                 0.0001,                 0.0001,                 0.0001
                    368,                 0.7429,                0.46905,                0.10428,                0.63858,                0.49453,                0.51333,                0.31583,                0.55068,                0.57618,                 0.0621,                 0.0001,                 0.0001,                 0.0001
                    369,                0.74884,                0.46799,                 0.1059,                0.63649,                0.49494,                0.51338,                0.31557,                0.55044,                0.57636,                0.06205,                 0.0001,                 0.0001,                 0.0001
                    370,                0.75315,                0.46707,                0.10622,                 0.6348,                0.49718,                0.51387,                0.31542,                0.55067,                0.57674,                 0.0621,                 0.0001,                 0.0001,                 0.0001
                    371,                0.75617,                0.46689,                0.10717,                0.63405,                0.49822,                0.51398,                0.31552,                0.55079,                0.57715,                0.06197,                 0.0001,                 0.0001,                 0.0001
                    372,                0.75147,                0.46722,                0.10777,                0.63196,                0.50042,                0.51362,                 0.3151,                0.55006,                0.57763,                0.06176,                 0.0001,                 0.0001,                 0.0001
                    373,                0.75695,                0.46663,                0.10701,                0.63643,                 0.4967,                0.51297,                 0.3147,                0.55016,                0.57779,                0.06188,                 0.0001,                 0.0001,                 0.0001
                    374,                0.74706,                0.46743,                0.10726,                0.63595,                0.49677,                0.51297,                0.31451,                0.55072,                0.57756,                0.06209,                 0.0001,                 0.0001,                 0.0001
                    375,                0.75045,                0.46613,                0.10815,                0.63731,                0.49572,                0.51299,                0.31505,                0.55022,                 0.5781,                 0.0619,                 0.0001,                 0.0001,                 0.0001
                    376,                0.75164,                 0.4678,                0.10679,                0.63212,                0.49742,                 0.5119,                0.31454,                0.55028,                0.57841,                0.06203,                 0.0001,                 0.0001,                 0.0001
                    377,                0.75514,                0.46473,                0.10654,                0.63456,                0.49554,                0.51219,                0.31482,                0.55102,                0.57797,                0.06235,                 0.0001,                 0.0001,                 0.0001
                    378,                0.74846,                0.46549,                0.10535,                0.63436,                0.49505,                0.51242,                0.31513,                0.55095,                0.57833,                0.06222,                 0.0001,                 0.0001,                 0.0001
                    379,                0.75201,                0.46576,                 0.1063,                0.63578,                0.49439,                 0.5122,                0.31483,                0.55044,                0.57855,                0.06218,                 0.0001,                 0.0001,                 0.0001
                    380,                0.74973,                0.46612,                0.10629,                 0.6329,                0.49616,                0.51177,                 0.3148,                0.55057,                0.57826,                0.06214,                 0.0001,                 0.0001,                 0.0001
                    381,                0.75756,                0.46618,                0.10674,                0.63834,                0.49294,                0.51222,                0.31509,                0.55059,                0.57832,                0.06217,                 0.0001,                 0.0001,                 0.0001
                    382,                0.75261,                0.46589,                0.10678,                0.63458,                0.49557,                0.51205,                0.31484,                0.55038,                0.57852,                0.06222,                 0.0001,                 0.0001,                 0.0001
                    383,                0.76133,                0.46419,                0.10922,                0.63861,                0.49376,                0.51242,                0.31501,                0.55008,                0.57878,                 0.0621,                 0.0001,                 0.0001,                 0.0001
                    384,                0.74468,                0.46662,                0.10504,                0.64075,                0.49308,                0.51228,                0.31504,                0.55093,                0.57848,                0.06226,                 0.0001,                 0.0001,                 0.0001
                    385,                 0.7448,                0.46627,                0.10542,                0.63595,                0.49509,                0.51247,                0.31531,                0.55086,                0.57826,                0.06247,                 0.0001,                 0.0001,                 0.0001
                    386,                0.74493,                0.46651,                0.10425,                0.63795,                0.49339,                0.51196,                0.31476,                0.55174,                0.57805,                0.06257,                 0.0001,                 0.0001,                 0.0001
                    387,                0.74789,                0.46634,                0.10556,                0.64019,                 0.4912,                0.51164,                0.31452,                0.55132,                0.57821,                0.06246,                 0.0001,                 0.0001,                 0.0001
                    388,                0.75114,                0.46585,                0.10725,                0.63936,                0.49171,                0.51176,                0.31478,                0.55116,                0.57886,                0.06249,                 0.0001,                 0.0001,                 0.0001
